track,start_cus,end_cus,on_critical_path,is_simple_vote
3,0,450,false,false
1,0,2100,false,true
2,0,43982,false,false
1,0,18642,false,false
0,0,450,false,false
0,450,2461,false,false
0,2461,4224,false,false
0,4224,6241,false,false
0,6241,8258,false,false
3,450,72787,false,false
0,0,2100,false,true
0,2100,4200,false,true
1,2100,4200,false,true
0,8258,81734,false,false
1,18642,18792,false,false
1,18792,54994,false,false
0,4200,6300,false,true
1,4200,6300,false,true
2,43982,102602,false,false
0,6300,8400,false,true
1,54994,59482,false,false
1,59482,62182,false,false
1,62182,148553,true,false
3,72787,73087,false,false
3,73087,122688,false,false
0,81734,85064,false,false
0,85064,87764,false,false
0,87764,120640,false,false
2,102602,106849,false,false
2,106849,108183,false,false
2,108183,205713,false,false
0,120640,121974,false,false
0,121974,137244,false,false
3,122688,164075,false,false
0,137244,146694,false,false
0,146694,151182,false,false
1,148553,174594,false,false
0,151182,187454,false,false
3,164075,226799,false,false
1,174594,265638,false,false
0,187454,283614,false,false
1,6300,8400,false,true
0,8400,10500,false,true
1,8400,10500,false,true
0,10500,12600,false,true
1,10500,12600,false,true
0,12600,14700,false,true
1,12600,14700,false,true
0,14700,16800,false,true
1,14700,16800,false,true
0,16800,18900,false,true
1,16800,18900,false,true
0,18900,21000,false,true
1,18900,21000,false,true
0,21000,23100,false,true
1,21000,23100,false,true
0,23100,25200,false,true
1,23100,25200,false,true
0,25200,27300,false,true
1,25200,27300,false,true
0,27300,29400,false,true
1,27300,29400,false,true
0,29400,31500,false,true
1,29400,31500,false,true
0,31500,33600,false,true
1,31500,33600,false,true
0,33600,35700,false,true
1,33600,35700,false,true
0,35700,37800,false,true
1,35700,37800,false,true
0,37800,39900,false,true
1,37800,39900,false,true
0,39900,42000,false,true
1,39900,42000,false,true
0,42000,44100,false,true
1,42000,44100,false,true
2,205713,630743,false,false
3,226799,268646,false,false
1,265638,309450,false,false
3,268646,297949,false,false
0,283614,290519,false,false
0,290519,365592,false,false
3,297949,327252,false,false
3,327252,356555,false,false
1,309450,384116,false,false
1,384116,469150,false,false
0,44100,46200,false,true
1,44100,46200,false,true
0,46200,48300,false,true
1,46200,48300,false,true
0,48300,50400,false,true
1,48300,50400,false,true
0,50400,52500,false,true
1,50400,52500,false,true
0,52500,54600,false,true
1,52500,54600,false,true
0,54600,56700,false,true
1,54600,56700,false,true
0,56700,58800,false,true
1,56700,58800,false,true
0,58800,60900,false,true
1,58800,60900,false,true
0,60900,63000,false,true
1,60900,63000,false,true
0,63000,65100,false,true
1,63000,65100,false,true
0,65100,67200,false,true
1,65100,67200,false,true
0,67200,69300,false,true
1,67200,69300,false,true
0,69300,71400,false,true
1,69300,71400,false,true
0,71400,73500,false,true
1,71400,73500,false,true
0,73500,75600,false,true
1,73500,75600,false,true
0,75600,77700,false,true
1,75600,77700,false,true
0,77700,79800,false,true
1,77700,79800,false,true
0,79800,81900,false,true
1,79800,81900,false,true
0,81900,84000,false,true
1,81900,84000,false,true
0,84000,86100,false,true
1,84000,86100,false,true
0,86100,88200,false,true
1,86100,88200,false,true
0,88200,90300,false,true
1,88200,90300,false,true
0,90300,92400,false,true
1,90300,92400,false,true
0,92400,94500,false,true
1,92400,94500,false,true
0,94500,96600,false,true
3,356555,363209,false,false
3,363209,531769,false,false
1,469150,543723,false,false
0,365592,380806,false,false
0,380806,694855,false,false
3,531769,658715,false,false
1,543723,628766,false,false
3,658715,770888,false,false
1,628766,681386,false,false
2,630743,818486,false,false
1,681386,795757,false,false
0,694855,779772,false,false
1,94500,96600,false,true
0,96600,98700,false,true
1,96600,98700,false,true
0,98700,100800,false,true
1,98700,100800,false,true
0,100800,102900,false,true
1,100800,102900,false,true
0,102900,105000,false,true
1,102900,105000,false,true
0,105000,107100,false,true
1,105000,107100,false,true
0,107100,109200,false,true
1,107100,109200,false,true
0,109200,111300,false,true
1,109200,111300,false,true
0,111300,113400,false,true
1,111300,113400,false,true
0,113400,115500,false,true
1,113400,115500,false,true
0,115500,117600,false,true
1,115500,117600,false,true
0,117600,119700,false,true
1,117600,119700,false,true
0,119700,121800,false,true
1,119700,121800,false,true
0,121800,123900,false,true
1,121800,123900,false,true
0,123900,126000,false,true
1,123900,126000,false,true
0,126000,128100,false,true
1,126000,128100,false,true
0,128100,130200,false,true
1,128100,130200,false,true
0,130200,132300,false,true
1,130200,132300,false,true
0,132300,134400,false,true
1,132300,134400,false,true
3,770888,837291,false,false
0,779772,830696,false,false
1,795757,859323,false,false
2,818486,908330,true,false
0,830696,881620,false,false
2,908330,1015785,true,false
0,134400,136500,false,true
1,134400,136500,false,true
0,136500,138600,false,true
1,136500,138600,false,true
0,138600,140700,false,true
1,138600,140700,false,true
0,140700,142800,false,true
1,140700,142800,false,true
0,142800,144900,false,true
1,142800,144900,false,true
0,144900,147000,false,true
1,144900,147000,false,true
0,147000,149100,false,true
1,147000,149100,false,true
0,149100,151200,false,true
1,149100,151200,false,true
0,151200,153300,false,true
1,151200,153300,false,true
0,153300,155400,false,true
1,153300,155400,false,true
0,155400,157500,false,true
1,155400,157500,false,true
0,157500,159600,false,true
1,157500,159600,false,true
0,159600,161700,false,true
1,159600,161700,false,true
0,161700,163800,false,true
1,161700,163800,false,true
0,163800,165900,false,true
1,163800,165900,false,true
0,165900,168000,false,true
1,165900,168000,false,true
0,168000,170100,false,true
1,168000,170100,false,true
0,170100,172200,false,true
3,837291,936873,false,false
1,859323,865977,false,false
1,865977,1072544,false,false
0,881620,1027931,false,false
1,170100,172200,false,true
0,172200,174300,false,true
1,172200,174300,false,true
0,174300,176400,false,true
1,174300,176400,false,true
0,176400,178500,false,true
1,176400,178500,false,true
0,178500,180600,false,true
1,178500,180600,false,true
0,180600,182700,false,true
1,180600,182700,false,true
0,182700,184800,false,true
1,182700,184800,false,true
0,184800,186900,false,true
1,184800,186900,false,true
0,186900,189000,false,true
1,186900,189000,false,true
0,189000,191100,false,true
1,189000,191100,false,true
0,191100,193200,false,true
1,191100,193200,false,true
0,193200,195300,false,true
1,193200,195300,false,true
0,195300,197400,false,true
1,195300,197400,false,true
0,197400,199500,false,true
1,197400,199500,false,true
0,199500,201600,false,true
3,936873,1008208,false,false
3,1008208,1155526,false,false
1,199500,201600,false,true
0,201600,203700,false,true
0,1027931,1199662,false,false
2,1015785,1199850,false,false
1,1072544,1265608,false,false
1,201600,203700,false,true
0,203700,205800,false,true
1,203700,205800,false,true
0,205800,207900,false,true
1,205800,207900,false,true
0,207900,210000,false,true
1,207900,210000,false,true
0,210000,212100,false,true
1,210000,212100,false,true
0,212100,214200,false,true
1,212100,214200,false,true
0,214200,216300,false,true
1,214200,216300,false,true
0,216300,218400,false,true
1,216300,218400,false,true
0,218400,220500,false,true
1,218400,220500,false,true
0,220500,222600,false,true
1,220500,222600,false,true
0,222600,224700,false,true
1,222600,224700,false,true
0,224700,226800,false,true
1,224700,226800,false,true
0,226800,228900,false,true
1,226800,228900,false,true
0,228900,231000,false,true
1,228900,231000,false,true
0,231000,233100,false,true
1,231000,233100,false,true
0,233100,235200,false,true
1,233100,235200,false,true
0,235200,237300,false,true
1,235200,237300,false,true
0,237300,239400,false,true
1,237300,239400,false,true
0,239400,241500,false,true
1,239400,241500,false,true
0,241500,243600,false,true
3,1155526,1332091,false,false
0,1199662,1364940,false,false
2,1199850,1392916,false,false
1,1265608,1297997,false,false
3,1332091,1505657,false,false
1,241500,243600,false,true
0,243600,245700,false,true
1,243600,245700,false,true
0,245700,247800,false,true
1,245700,247800,false,true
0,247800,249900,false,true
1,247800,249900,false,true
0,249900,252000,false,true
1,249900,252000,false,true
0,252000,254100,false,true
1,252000,254100,false,true
0,254100,256200,false,true
1,254100,256200,false,true
0,256200,258300,false,true
1,256200,258300,false,true
0,258300,260400,false,true
1,258300,260400,false,true
0,260400,262500,false,true
1,260400,262500,false,true
0,262500,264600,false,true
1,262500,264600,false,true
0,264600,266700,false,true
1,264600,266700,false,true
0,266700,268800,false,true
1,266700,268800,false,true
0,268800,270900,false,true
1,268800,270900,false,true
0,270900,273000,false,true
1,270900,273000,false,true
0,273000,275100,false,true
1,273000,275100,false,true
0,275100,277200,false,true
1,275100,277200,false,true
0,277200,279300,false,true
1,277200,279300,false,true
0,279300,281400,false,true
1,279300,281400,false,true
2,1392916,1579982,false,false
1,1297997,1476064,false,false
0,1364940,1544506,false,false
1,1476064,1652630,false,false
0,281400,283500,false,true
1,281400,283500,false,true
0,283500,285600,false,true
1,283500,285600,false,true
0,285600,287700,false,true
1,285600,287700,false,true
0,287700,289800,false,true
1,287700,289800,false,true
0,289800,291900,false,true
1,289800,291900,false,true
0,291900,294000,false,true
1,291900,294000,false,true
0,294000,296100,false,true
1,294000,296100,false,true
0,296100,298200,false,true
1,296100,298200,false,true
0,298200,300300,false,true
1,298200,300300,false,true
0,300300,302400,false,true
1,300300,302400,false,true
0,302400,304500,false,true
1,302400,304500,false,true
0,304500,306600,false,true
1,304500,306600,false,true
0,306600,308700,false,true
1,306600,308700,false,true
0,308700,310800,false,true
1,308700,310800,false,true
0,310800,312900,false,true
1,310800,312900,false,true
0,312900,315000,false,true
1,312900,315000,false,true
0,315000,317100,false,true
2,1579982,1767049,false,false
3,1505657,1688223,false,false
1,315000,317100,false,true
0,1544506,1721072,false,false
0,317100,319200,false,true
1,317100,319200,false,true
0,319200,321300,false,true
1,319200,321300,false,true
0,321300,323400,false,true
1,321300,323400,false,true
0,323400,325500,false,true
1,323400,325500,false,true
0,325500,327600,false,true
1,325500,327600,false,true
0,327600,329700,false,true
1,327600,329700,false,true
0,329700,331800,false,true
1,329700,331800,false,true
0,331800,333900,false,true
1,331800,333900,false,true
0,333900,336000,false,true
1,333900,336000,false,true
0,336000,338100,false,true
1,336000,338100,false,true
0,338100,340200,false,true
1,338100,340200,false,true
0,340200,342300,false,true
1,340200,342300,false,true
0,342300,344400,false,true
1,342300,344400,false,true
0,344400,346500,false,true
1,344400,346500,false,true
1,1652630,1832196,false,false
3,1688223,1873788,false,false
0,1721072,1920137,false,false
2,1767049,1775862,false,false
2,1775862,1889776,true,false
1,1832196,2016260,false,false
2,1889776,1935785,true,false
3,1873788,1917600,false,false
3,1917600,2031536,false,false
0,346500,348600,false,true
1,346500,348600,false,true
0,348600,350700,false,true
1,348600,350700,false,true
0,350700,352800,false,true
1,350700,352800,false,true
0,352800,354900,false,true
1,352800,354900,false,true
0,354900,357000,false,true
1,354900,357000,false,true
0,357000,359100,false,true
1,357000,359100,false,true
0,359100,361200,false,true
1,359100,361200,false,true
0,361200,363300,false,true
1,361200,363300,false,true
0,363300,365400,false,true
1,363300,365400,false,true
0,365400,367500,false,true
1,365400,367500,false,true
0,367500,369600,false,true
1,367500,369600,false,true
0,369600,371700,false,true
1,369600,371700,false,true
0,371700,373800,false,true
1,371700,373800,false,true
0,373800,375900,false,true
1,373800,375900,false,true
0,375900,378000,false,true
1,375900,378000,false,true
0,378000,380100,false,true
1,378000,380100,false,true
0,380100,382200,false,true
1,2016260,2203323,false,false
0,1920137,1956409,false,false
2,1935785,1981794,true,false
0,1956409,2019975,false,false
2,1981794,2014183,false,false
2,2014183,2060192,true,false
0,2019975,2038448,false,false
3,2031536,2220102,false,false
0,2038448,2212013,false,false
1,380100,382200,false,true
0,382200,384300,false,true
1,382200,384300,false,true
0,384300,386400,false,true
1,384300,386400,false,true
0,386400,388500,false,true
1,386400,388500,false,true
0,388500,390600,false,true
1,388500,390600,false,true
0,390600,392700,false,true
1,390600,392700,false,true
0,392700,394800,false,true
1,392700,394800,false,true
0,394800,396900,false,true
1,394800,396900,false,true
0,396900,399000,false,true
1,396900,399000,false,true
0,399000,401100,false,true
1,399000,401100,false,true
0,401100,403200,false,true
1,401100,403200,false,true
0,403200,405300,false,true
1,403200,405300,false,true
0,405300,407400,false,true
1,405300,407400,false,true
0,407400,409500,false,true
1,407400,409500,false,true
0,409500,411600,false,true
1,409500,411600,false,true
0,411600,413700,false,true
1,411600,413700,false,true
0,413700,415800,false,true
1,413700,415800,false,true
0,415800,417900,false,true
1,415800,417900,false,true
0,417900,420000,false,true
1,417900,420000,false,true
0,420000,422100,false,true
1,420000,422100,false,true
0,422100,424200,false,true
2,2060192,2236759,false,false
1,2203323,2204065,false,false
1,2204065,2541220,false,false
0,2212013,2403580,false,false
3,2220102,2402669,false,false
2,2236759,2417825,false,false
1,422100,424200,false,true
0,424200,426300,false,true
1,424200,426300,false,true
0,426300,428400,false,true
1,426300,428400,false,true
0,428400,430500,false,true
1,428400,430500,false,true
0,430500,432600,false,true
1,430500,432600,false,true
0,432600,434700,false,true
1,432600,434700,false,true
0,434700,436800,false,true
1,434700,436800,false,true
0,436800,438900,false,true
1,436800,438900,false,true
0,438900,441000,false,true
1,438900,441000,false,true
0,441000,443100,false,true
1,441000,443100,false,true
0,443100,445200,false,true
1,443100,445200,false,true
0,445200,447300,false,true
1,445200,447300,false,true
0,447300,449400,false,true
1,447300,449400,false,true
0,449400,451500,false,true
1,449400,451500,false,true
0,451500,453600,false,true
1,451500,453600,false,true
0,453600,455700,false,true
1,453600,455700,false,true
0,455700,457800,false,true
1,455700,457800,false,true
0,457800,459900,false,true
1,457800,459900,false,true
0,459900,462000,false,true
1,459900,462000,false,true
0,462000,464100,false,true
1,462000,464100,false,true
0,464100,466200,false,true
3,2402669,2582235,false,false
2,2417825,2476429,false,false
0,2403580,2505992,false,false
2,2476429,2533534,false,false
1,464100,466200,false,true
0,466200,468300,false,true
1,466200,468300,false,true
0,468300,470400,false,true
1,468300,470400,false,true
0,470400,472500,false,true
1,470400,472500,false,true
0,472500,474600,false,true
1,472500,474600,false,true
0,474600,476700,false,true
1,474600,476700,false,true
0,476700,478800,false,true
1,476700,478800,false,true
0,478800,480900,false,true
1,478800,480900,false,true
0,480900,483000,false,true
1,480900,483000,false,true
0,483000,485100,false,true
1,483000,485100,false,true
0,485100,487200,false,true
1,485100,487200,false,true
0,487200,489300,false,true
1,487200,489300,false,true
0,489300,491400,false,true
1,489300,491400,false,true
0,491400,493500,false,true
1,491400,493500,false,true
0,493500,495600,false,true
1,493500,495600,false,true
0,495600,497700,false,true
1,495600,497700,false,true
0,497700,499800,false,true
1,497700,499800,false,true
0,499800,501900,false,true
1,499800,501900,false,true
3,2582235,2763301,false,false
0,2505992,2678059,false,false
2,2533534,2579543,true,false
1,2541220,2710146,false,false
2,2579543,2583790,false,false
2,2583790,2764856,false,false
0,2678059,2684713,false,false
0,2684713,2691367,false,false
0,2691367,2698021,false,false
0,2698021,2704675,false,false
0,2704675,2899240,false,false
0,501900,504000,false,true
1,501900,504000,false,true
0,504000,506100,false,true
1,504000,506100,false,true
0,506100,508200,false,true
1,506100,508200,false,true
0,508200,510300,false,true
1,508200,510300,false,true
0,510300,512400,false,true
1,510300,512400,false,true
0,512400,514500,false,true
1,512400,514500,false,true
0,514500,516600,false,true
1,514500,516600,false,true
0,516600,518700,false,true
1,516600,518700,false,true
0,518700,520800,false,true
1,518700,520800,false,true
0,520800,522900,false,true
1,520800,522900,false,true
0,522900,525000,false,true
1,522900,525000,false,true
0,525000,527100,false,true
1,525000,527100,false,true
0,527100,529200,false,true
1,527100,529200,false,true
0,529200,531300,false,true
1,529200,531300,false,true
0,531300,533400,false,true
1,531300,533400,false,true
0,533400,535500,false,true
1,533400,535500,false,true
0,535500,537600,false,true
1,535500,537600,false,true
0,537600,539700,false,true
1,537600,539700,false,true
0,539700,541800,false,true
1,2710146,2895709,false,false
3,2763301,2767548,false,false
2,2764856,2786517,false,false
3,2767548,2959113,false,false
2,2786517,2876851,false,false
2,2876851,2963320,false,false
1,2895709,3067773,false,false
2,2963320,3049789,false,false
1,539700,541800,false,true
0,541800,543900,false,true
1,541800,543900,false,true
0,543900,546000,false,true
1,543900,546000,false,true
0,546000,548100,false,true
1,546000,548100,false,true
0,548100,550200,false,true
1,548100,550200,false,true
0,550200,552300,false,true
1,550200,552300,false,true
0,552300,554400,false,true
1,552300,554400,false,true
0,554400,556500,false,true
1,554400,556500,false,true
0,556500,558600,false,true
1,556500,558600,false,true
0,558600,560700,false,true
1,558600,560700,false,true
0,560700,562800,false,true
1,560700,562800,false,true
0,562800,564900,false,true
1,562800,564900,false,true
0,564900,567000,false,true
1,564900,567000,false,true
0,567000,569100,false,true
1,567000,569100,false,true
0,569100,571200,false,true
1,569100,571200,false,true
0,571200,573300,false,true
1,571200,573300,false,true
0,573300,575400,false,true
1,573300,575400,false,true
0,575400,577500,false,true
1,575400,577500,false,true
0,577500,579600,false,true
1,577500,579600,false,true
0,579600,581700,false,true
1,579600,581700,false,true
0,581700,583800,false,true
1,581700,583800,false,true
0,583800,585900,false,true
1,583800,585900,false,true
0,585900,588000,false,true
1,585900,588000,false,true
0,588000,590100,false,true
1,588000,590100,false,true
0,2899240,3077307,false,false
3,2959113,3103360,true,false
3,3103360,3139000,true,false
2,3049789,3054433,false,false
2,3054433,3106415,false,false
1,3067773,3253337,false,false
3,3139000,3207791,true,false
0,3077307,3252374,false,false
2,3106415,3125012,false,false
2,3125012,3127324,false,false
0,590100,592200,false,true
1,590100,592200,false,true
0,592200,594300,false,true
1,592200,594300,false,true
0,594300,596400,false,true
1,594300,596400,false,true
0,596400,598500,false,true
1,596400,598500,false,true
0,598500,600600,false,true
1,598500,600600,false,true
0,600600,602700,false,true
1,600600,602700,false,true
0,602700,604800,false,true
1,602700,604800,false,true
0,604800,606900,false,true
1,604800,606900,false,true
0,606900,609000,false,true
1,606900,609000,false,true
0,609000,611100,false,true
1,609000,611100,false,true
0,611100,613200,false,true
1,611100,613200,false,true
0,613200,615300,false,true
1,613200,615300,false,true
0,615300,617400,false,true
1,615300,617400,false,true
0,617400,619500,false,true
1,617400,619500,false,true
0,619500,621600,false,true
1,619500,621600,false,true
0,621600,623700,false,true
1,621600,623700,false,true
0,623700,625800,false,true
1,623700,625800,false,true
0,625800,627900,false,true
1,625800,627900,false,true
0,627900,630000,false,true
2,3127324,3149524,false,false
2,3149524,3191837,false,false
2,3191837,3284339,false,false
3,3207791,3301264,true,false
2,3284339,3386256,false,false
0,3252374,3371857,false,false
1,3253337,3343216,false,false
3,3301264,3342488,true,false
1,627900,630000,false,true
0,630000,632100,false,true
1,630000,632100,false,true
0,632100,634200,false,true
1,632100,634200,false,true
0,634200,636300,false,true
1,634200,636300,false,true
0,636300,638400,false,true
1,636300,638400,false,true
0,638400,640500,false,true
1,638400,640500,false,true
0,640500,642600,false,true
1,640500,642600,false,true
0,642600,644700,false,true
1,642600,644700,false,true
0,644700,646800,false,true
1,644700,646800,false,true
0,646800,648900,false,true
1,646800,648900,false,true
0,648900,651000,false,true
1,648900,651000,false,true
0,651000,653100,false,true
1,651000,653100,false,true
0,653100,655200,false,true
1,653100,655200,false,true
0,655200,657300,false,true
1,655200,657300,false,true
0,657300,659400,false,true
1,657300,659400,false,true
0,659400,661500,false,true
1,659400,661500,false,true
0,661500,663600,false,true
1,661500,663600,false,true
0,663600,665700,false,true
1,663600,665700,false,true
0,665700,667800,false,true
1,665700,667800,false,true
0,667800,669900,false,true
1,667800,669900,false,true
0,669900,672000,false,true
1,669900,672000,false,true
3,3342488,3424955,false,false
1,3343216,3384440,true,false
0,3371857,3416599,false,false
1,3384440,3590403,false,false
2,3386256,3432265,true,false
0,3416599,3611166,false,false
3,3424955,3465140,false,false
2,3432265,3474462,false,false
3,3465140,3605612,false,false
1,3590403,3722202,false,false
2,3474462,3514618,false,false
2,3514618,3665358,true,false
3,3605612,3791178,false,false
1,3722202,3740799,false,false
1,3740799,3759396,false,false
1,3759396,3868010,false,false
2,3665358,3816124,true,false
0,672000,674100,false,true
1,672000,674100,false,true
0,674100,676200,false,true
1,674100,676200,false,true
0,676200,678300,false,true
1,676200,678300,false,true
0,678300,680400,false,true
1,678300,680400,false,true
0,680400,682500,false,true
1,680400,682500,false,true
0,682500,684600,false,true
1,682500,684600,false,true
0,684600,686700,false,true
1,684600,686700,false,true
0,686700,688800,false,true
1,686700,688800,false,true
0,688800,690900,false,true
1,688800,690900,false,true
0,690900,693000,false,true
1,690900,693000,false,true
0,693000,695100,false,true
1,693000,695100,false,true
0,695100,697200,false,true
1,695100,697200,false,true
0,697200,699300,false,true
1,697200,699300,false,true
0,699300,701400,false,true
1,699300,701400,false,true
0,701400,703500,false,true
1,701400,703500,false,true
0,703500,705600,false,true
1,703500,705600,false,true
0,705600,707700,false,true
1,705600,707700,false,true
0,707700,709800,false,true
1,707700,709800,false,true
0,709800,711900,false,true
1,709800,711900,false,true
0,711900,714000,false,true
1,711900,714000,false,true
0,714000,716100,false,true
1,714000,716100,false,true
0,716100,718200,false,true
1,716100,718200,false,true
0,718200,720300,false,true
1,718200,720300,false,true
0,720300,722400,false,true
1,720300,722400,false,true
0,722400,724500,false,true
1,722400,724500,false,true
0,724500,726600,false,true
1,724500,726600,false,true
0,726600,728700,false,true
1,726600,728700,false,true
0,728700,730800,false,true
1,728700,730800,false,true
0,730800,732900,false,true
1,730800,732900,false,true
0,732900,735000,false,true
1,732900,735000,false,true
0,735000,737100,false,true
1,735000,737100,false,true
0,737100,739200,false,true
3,3791178,3976744,false,false
2,3816124,3909525,true,false
0,3611166,3826283,false,false
1,3868010,3886607,false,false
0,3826283,3995401,false,false
2,3909525,4002998,true,false
0,3995401,4002055,false,false
1,3886607,3995221,false,false
2,4002998,4049007,true,false
3,3976744,3979660,false,false
3,3979660,4064791,false,false
1,737100,739200,false,true
0,739200,741300,false,true
1,739200,741300,false,true
0,741300,743400,false,true
1,741300,743400,false,true
0,743400,745500,false,true
1,743400,745500,false,true
0,745500,747600,false,true
1,745500,747600,false,true
0,747600,749700,false,true
1,747600,749700,false,true
0,749700,751800,false,true
1,749700,751800,false,true
0,751800,753900,false,true
1,751800,753900,false,true
0,753900,756000,false,true
1,753900,756000,false,true
0,756000,758100,false,true
1,756000,758100,false,true
0,758100,760200,false,true
1,758100,760200,false,true
0,760200,762300,false,true
1,760200,762300,false,true
0,762300,764400,false,true
1,762300,764400,false,true
0,764400,766500,false,true
1,764400,766500,false,true
0,766500,768600,false,true
1,766500,768600,false,true
0,768600,770700,false,true
1,768600,770700,false,true
0,770700,772800,false,true
1,770700,772800,false,true
0,772800,774900,false,true
1,772800,774900,false,true
0,774900,777000,false,true
1,774900,777000,false,true
0,777000,779100,false,true
1,777000,779100,false,true
0,779100,781200,false,true
1,779100,781200,false,true
0,781200,783300,false,true
1,781200,783300,false,true
0,783300,785400,false,true
1,783300,785400,false,true
0,785400,787500,false,true
1,785400,787500,false,true
0,787500,789600,false,true
1,787500,789600,false,true
0,789600,791700,false,true
1,789600,791700,false,true
0,791700,793800,false,true
1,791700,793800,false,true
0,793800,795900,false,true
1,793800,795900,false,true
0,795900,798000,false,true
1,795900,798000,false,true
0,798000,800100,false,true
1,798000,800100,false,true
0,800100,802200,false,true
1,800100,802200,false,true
0,802200,804300,false,true
1,802200,804300,false,true
0,804300,806400,false,true
1,3995401,4002055,false,false
0,4002055,4008709,false,false
1,4002055,4008709,false,false
0,4008709,4154918,false,false
1,4008709,4743651,false,false
2,4049007,4055661,false,false
2,4055661,4096885,true,false
3,4064791,4140213,false,false
3,4140213,4162010,false,false
3,4162010,4237432,false,false
2,4096885,4209579,false,false
0,4154918,4273688,false,false
2,4209579,4393645,false,false
3,4237432,4241679,false,false
3,4241679,4242084,false,false
3,4242084,4246331,false,false
3,4246331,4359025,false,false
1,804300,806400,false,true
0,806400,808500,false,true
1,806400,808500,false,true
0,808500,810600,false,true
1,808500,810600,false,true
0,810600,812700,false,true
1,810600,812700,false,true
0,812700,814800,false,true
1,812700,814800,false,true
0,814800,816900,false,true
1,814800,816900,false,true
0,816900,819000,false,true
1,816900,819000,false,true
0,819000,821100,false,true
1,819000,821100,false,true
0,821100,823200,false,true
1,821100,823200,false,true
0,823200,825300,false,true
1,823200,825300,false,true
0,825300,827400,false,true
1,825300,827400,false,true
0,827400,829500,false,true
1,827400,829500,false,true
0,829500,831600,false,true
1,829500,831600,false,true
0,831600,833700,false,true
1,831600,833700,false,true
0,833700,835800,false,true
1,833700,835800,false,true
0,835800,837900,false,true
1,835800,837900,false,true
0,837900,840000,false,true
1,837900,840000,false,true
0,840000,842100,false,true
1,840000,842100,false,true
0,842100,844200,false,true
1,842100,844200,false,true
0,844200,846300,false,true
1,844200,846300,false,true
0,846300,848400,false,true
1,846300,848400,false,true
0,848400,850500,false,true
1,848400,850500,false,true
0,850500,852600,false,true
1,850500,852600,false,true
0,852600,854700,false,true
1,852600,854700,false,true
0,854700,856800,false,true
1,854700,856800,false,true
0,856800,858900,false,true
1,856800,858900,false,true
0,858900,861000,false,true
1,858900,861000,false,true
0,861000,863100,false,true
1,861000,863100,false,true
0,863100,865200,false,true
1,863100,865200,false,true
0,865200,867300,false,true
1,865200,867300,false,true
0,867300,869400,false,true
1,867300,869400,false,true
0,869400,871500,false,true
1,869400,871500,false,true
0,871500,873600,false,true
0,4273688,4306077,false,false
0,4306077,4364390,true,false
3,4359025,4391414,false,false
0,4364390,4408996,false,false
3,4391414,4501880,false,false
3,4501880,4530054,false,false
2,4393645,4451958,true,false
0,4408996,4520190,false,false
1,4743651,4743980,false,false
2,4451958,4502954,false,false
2,4502954,4561267,true,false
3,4530054,4558228,false,false
2,4561267,4567028,true,false
0,4520190,4635884,false,false
1,871500,873600,false,true
0,873600,875700,false,true
1,873600,875700,false,true
0,875700,877800,false,true
1,875700,877800,false,true
0,877800,879900,false,true
1,877800,879900,false,true
0,879900,882000,false,true
1,879900,882000,false,true
0,882000,884100,false,true
1,882000,884100,false,true
0,884100,886200,false,true
1,884100,886200,false,true
0,886200,888300,false,true
1,886200,888300,false,true
0,888300,890400,false,true
1,888300,890400,false,true
0,890400,892500,false,true
1,890400,892500,false,true
0,892500,894600,false,true
1,892500,894600,false,true
0,894600,896700,false,true
1,894600,896700,false,true
0,896700,898800,false,true
1,896700,898800,false,true
0,898800,900900,false,true
1,898800,900900,false,true
0,900900,903000,false,true
1,900900,903000,false,true
0,903000,905100,false,true
1,903000,905100,false,true
0,905100,907200,false,true
1,905100,907200,false,true
0,907200,909300,false,true
1,907200,909300,false,true
0,909300,911400,false,true
1,909300,911400,false,true
0,911400,913500,false,true
1,911400,913500,false,true
0,913500,915600,false,true
1,913500,915600,false,true
0,915600,917700,false,true
1,915600,917700,false,true
0,917700,919800,false,true
1,917700,919800,false,true
0,919800,921900,false,true
1,919800,921900,false,true
0,921900,924000,false,true
1,921900,924000,false,true
0,924000,926100,false,true
1,924000,926100,false,true
0,926100,928200,false,true
1,926100,928200,false,true
0,928200,930300,false,true
1,928200,930300,false,true
0,930300,932400,false,true
1,930300,932400,false,true
0,932400,934500,false,true
1,932400,934500,false,true
0,934500,936600,false,true
1,934500,936600,false,true
0,936600,938700,false,true
1,936600,938700,false,true
0,938700,940800,false,true
3,4558228,4795344,false,false
2,4567028,4595202,false,false
2,4595202,4600963,true,false
2,4600963,4640069,false,false
0,4635884,4664058,false,false
2,4640069,4749763,false,false
0,4664058,4774524,false,false
1,4743980,4765777,false,false
0,4774524,4802698,false,false
2,4749763,4822722,false,false
1,4765777,4912964,true,false
3,4795344,4811950,false,false
0,4802698,4853694,false,false
1,4912964,4971277,true,false
2,4822722,4895681,false,false
1,938700,940800,false,true
0,940800,942900,false,true
1,940800,942900,false,true
0,942900,945000,false,true
1,942900,945000,false,true
0,945000,947100,false,true
1,945000,947100,false,true
0,947100,949200,false,true
1,947100,949200,false,true
0,949200,951300,false,true
1,949200,951300,false,true
0,951300,953400,false,true
1,951300,953400,false,true
0,953400,955500,false,true
1,953400,955500,false,true
0,955500,957600,false,true
1,955500,957600,false,true
0,957600,959700,false,true
1,957600,959700,false,true
0,959700,961800,false,true
1,959700,961800,false,true
0,961800,963900,false,true
1,961800,963900,false,true
0,963900,966000,false,true
1,963900,966000,false,true
0,966000,968100,false,true
1,966000,968100,false,true
0,968100,970200,false,true
1,968100,970200,false,true
0,970200,972300,false,true
1,970200,972300,false,true
0,972300,974400,false,true
1,972300,974400,false,true
0,974400,976500,false,true
1,974400,976500,false,true
0,976500,978600,false,true
1,976500,978600,false,true
0,978600,980700,false,true
1,978600,980700,false,true
0,980700,982800,false,true
1,980700,982800,false,true
0,982800,984900,false,true
1,982800,984900,false,true
0,984900,987000,false,true
1,984900,987000,false,true
0,987000,989100,false,true
1,987000,989100,false,true
0,989100,991200,false,true
1,989100,991200,false,true
0,991200,993300,false,true
1,991200,993300,false,true
0,993300,995400,false,true
1,993300,995400,false,true
0,995400,997500,false,true
1,995400,997500,false,true
0,997500,999600,false,true
1,997500,999600,false,true
0,999600,1001700,false,true
1,999600,1001700,false,true
0,1001700,1003800,false,true
1,1001700,1003800,false,true
0,1003800,1005900,false,true
1,1003800,1005900,false,true
0,1005900,1008000,false,true
3,4811950,4915507,false,false
0,4853694,5021625,false,false
2,4895681,4968640,false,false
3,4915507,4989801,false,false
1,1005900,1008000,false,true
0,1008000,1010100,false,true
1,1008000,1010100,false,true
2,4968640,4973323,false,false
1,4971277,5012193,false,false
2,4973323,5086131,false,false
3,4989801,5067094,false,false
2,5086131,5194421,false,false
3,5067094,5144427,false,false
1,5012193,5128587,false,false
0,5021625,5259331,false,false
2,5194421,5302711,false,false
1,5128587,5130596,false,false
1,5130596,5132613,false,false
1,5132613,5155871,false,false
3,5144427,5227721,false,false
0,1010100,1012200,false,true
1,1010100,1012200,false,true
0,1012200,1014300,false,true
1,1012200,1014300,false,true
0,1014300,1016400,false,true
1,1014300,1016400,false,true
0,1016400,1018500,false,true
1,1016400,1018500,false,true
0,1018500,1020600,false,true
1,1018500,1020600,false,true
0,1020600,1022700,false,true
1,1020600,1022700,false,true
0,1022700,1024800,false,true
1,1022700,1024800,false,true
0,1024800,1026900,false,true
1,1024800,1026900,false,true
0,1026900,1029000,false,true
1,1026900,1029000,false,true
0,1029000,1031100,false,true
1,1029000,1031100,false,true
0,1031100,1033200,false,true
1,1031100,1033200,false,true
0,1033200,1035300,false,true
1,1033200,1035300,false,true
0,1035300,1037400,false,true
1,1035300,1037400,false,true
0,1037400,1039500,false,true
1,1037400,1039500,false,true
0,1039500,1041600,false,true
1,1039500,1041600,false,true
0,1041600,1043700,false,true
1,1041600,1043700,false,true
0,1043700,1045800,false,true
1,1043700,1045800,false,true
0,1045800,1047900,false,true
1,1045800,1047900,false,true
0,1047900,1050000,false,true
1,1047900,1050000,false,true
0,1050000,1052100,false,true
1,1050000,1052100,false,true
0,1052100,1054200,false,true
1,1052100,1054200,false,true
0,1054200,1056300,false,true
1,1054200,1056300,false,true
0,1056300,1058400,false,true
1,1056300,1058400,false,true
0,1058400,1060500,false,true
1,1058400,1060500,false,true
0,1060500,1062600,false,true
1,1060500,1062600,false,true
0,1062600,1064700,false,true
1,1062600,1064700,false,true
0,1064700,1066800,false,true
1,1064700,1066800,false,true
0,1066800,1068900,false,true
1,1066800,1068900,false,true
0,1068900,1071000,false,true
1,1068900,1071000,false,true
0,1071000,1073100,false,true
1,1071000,1073100,false,true
0,1073100,1075200,false,true
1,1073100,1075200,false,true
0,1075200,1077300,false,true
1,1075200,1077300,false,true
2,5302711,5412501,false,false
1,5155871,5189106,false,false
1,5189106,5339171,false,false
3,5227721,5286034,true,false
0,5259331,5284908,false,false
2,5412501,5517791,false,false
0,1077300,1079400,false,true
1,1077300,1079400,false,true
0,1079400,1081500,false,true
1,1079400,1081500,false,true
0,1081500,1083600,false,true
1,1081500,1083600,false,true
0,1083600,1085700,false,true
1,1083600,1085700,false,true
0,1085700,1087800,false,true
1,1085700,1087800,false,true
0,1087800,1089900,false,true
1,1087800,1089900,false,true
0,1089900,1092000,false,true
1,1089900,1092000,false,true
0,1092000,1094100,false,true
1,1092000,1094100,false,true
3,5286034,5364103,false,false
2,5517791,5629081,false,false
1,5339171,5469017,false,false
0,1094100,1096200,false,true
1,1094100,1096200,false,true
0,1096200,1098300,false,true
1,1096200,1098300,false,true
0,1098300,1100400,false,true
1,1098300,1100400,false,true
0,1100400,1102500,false,true
1,1100400,1102500,false,true
0,5284908,5285358,false,false
0,5286034,5476218,true,false
3,5364103,5447082,false,false
3,5447082,5540555,false,false
3,5540555,5572944,false,false
1,5469017,5662084,false,false
0,5476218,5651326,false,false
3,5572944,5763128,true,false
0,1102500,1104600,false,true
1,1102500,1104600,false,true
0,1104600,1106700,false,true
1,1104600,1106700,false,true
0,1106700,1108800,false,true
1,1106700,1108800,false,true
0,1108800,1110900,false,true
1,1108800,1110900,false,true
0,1110900,1113000,false,true
1,1110900,1113000,false,true
2,5629081,5651824,false,false
0,5651326,5712193,false,false
3,5763128,5799894,false,false
3,5799894,5842118,false,false
3,5842118,5884315,false,false
2,5651824,5786554,false,false
2,5842118,5878884,false,false
0,5786554,5850173,true,false
2,5878884,6084847,false,false
0,5850173,5984903,true,false
0,5984903,6035887,true,false
0,6035887,6086871,true,false
0,1113000,1115100,false,true
1,1113000,1115100,false,true
0,1115100,1117200,false,true
1,1115100,1117200,false,true
0,6086871,6373002,true,false
0,6373002,6412671,true,false
0,6412671,6449752,true,false
0,6449752,6482718,true,false
0,6482718,6507639,true,false
0,6507639,6551782,true,false
0,6551782,6576703,true,false
0,6576703,6601624,true,false
0,6601624,6642195,true,false
0,6642195,6682766,true,false
0,6682766,6723337,true,false
0,6723337,6768180,true,false
0,1117200,1119300,false,true
1,1117200,1119300,false,true
0,6768180,6806192,true,false
0,6806192,6882987,true,false
0,6882987,6923558,true,false
0,6923558,6961570,true,false
1,5662084,5959632,false,false
0,6961570,7005713,true,false
0,7005713,7049092,true,false
0,7049092,7138971,true,false
2,7049092,7072678,false,false
0,7138971,7177811,true,false
0,7177811,7210200,false,false
2,7177811,7236124,false,false
3,5884315,5943742,false,false
3,5943742,6002451,false,false
3,7177811,7280223,true,false
3,7280223,7320794,true,false
3,7320794,7407641,true,false
1,7177811,7279451,false,false
0,7210200,7210350,false,false
0,1119300,1121400,false,true
0,7210350,7297355,false,false
0,7297355,7297655,false,false
2,7236124,7260197,false,false
1,7279451,7360138,false,false
0,7297655,7297805,false,false
2,7260197,7266851,false,false
1,7360138,7463288,false,false
2,7266851,7267001,false,false
2,7267001,7411745,false,false
1,1119300,1121400,false,true
0,1121400,1123500,false,true
1,1121400,1123500,false,true
0,1123500,1125600,false,true
1,1123500,1125600,false,true
0,1125600,1127700,false,true
3,7407641,7448865,true,false
3,7448865,7473786,true,false
3,7473786,7498707,true,false
0,7297805,7392913,false,false
0,7392913,7476933,false,false
2,7411745,7498064,false,false
1,7463288,7548269,false,false
0,7476933,7513204,false,false
2,7498064,7520637,false,false
2,7520637,7599822,false,false
3,7498707,7498857,false,false
3,7498857,7517536,false,false
3,7517536,7577250,false,false
3,7577250,7582643,false,false
0,7513204,7686766,false,false
1,7548269,7664871,false,false
3,7582643,7738993,false,false
2,7599822,7701473,false,false
1,7664871,7665021,false,false
1,7665021,7671675,false,false
1,7671675,7768198,true,false
1,7768198,7851405,true,false
1,7851405,7851855,true,false
1,7851855,7939663,true,false
0,7686766,7688577,false,false
0,7688577,7789320,false,false
0,7789320,7789470,false,false
2,7701473,7708127,false,false
1,7939663,8025088,true,false
2,7708127,7802050,false,false
2,7802050,7802200,false,false
3,7738993,7739143,false,false
3,7739143,7914207,false,false
0,7789470,7877393,false,false
1,8025088,8025238,false,false
2,7802200,7887123,false,false
2,7887123,7887273,false,false
3,7914207,8087770,false,false
0,7877393,7961089,false,false
0,7961089,7961239,false,false
2,7887273,7977367,false,false
0,7961239,7996804,false,false
0,7996804,7996954,false,false
1,1125600,1127700,false,true
2,7977367,8071441,false,false
0,7996954,8091670,false,false
1,8025238,8025388,false,false
1,8025388,8025538,false,false
1,8025538,8025688,false,false
1,8025688,8148163,false,false
1,8148163,8148313,false,false
2,8071441,8103830,false,false
3,8087770,8273337,false,false
2,8148163,8190387,false,false
0,8091670,8184615,false,false
0,8184615,8184765,false,false
1,8148313,8242840,false,false
2,8190387,8285145,false,false
0,8184765,8277840,true,false
0,8277840,8327885,true,false
0,8327885,8332171,false,false
2,8285145,8378403,false,false
1,8242840,8332785,false,false
1,8332785,8332935,false,false
2,8378403,8474661,false,false
0,1127700,1129800,false,true
1,1127700,1129800,false,true
3,8273337,8363282,false,false
3,8363282,8363432,false,false
0,8332171,8357092,true,false
1,8332935,8334945,false,false
1,8334945,8420024,false,false
1,8420024,8420174,false,false
2,8474661,8575419,false,false
0,8357092,8445288,false,false
0,8445288,8445438,false,false
3,8363432,8453153,true,false
3,8453153,8478074,true,false
3,8478074,8567795,true,false
2,8575419,8670264,false,false
3,8567795,8637339,true,false
3,8637339,8723704,true,false
3,8723704,8779077,true,false
0,1129800,1131900,false,true
1,8420174,8463164,false,false
0,8445438,8468011,false,false
0,8468011,8547206,false,false
1,8463164,8463314,false,false
3,8779077,8878190,true,false
1,8463314,8463464,false,false
1,8463464,8465481,false,false
1,8465481,8530815,false,false
3,8878190,8926212,true,false
0,8547206,8569779,false,false
0,8569779,8648976,false,false
1,8637339,8637489,false,false
3,8926212,9016690,true,false
0,8648976,8671549,false,false
0,8671549,8750746,false,false
1,8637489,8637639,false,false
1,8637639,8703466,false,false
1,1129800,1131900,false,true
0,8750746,8779319,false,false
0,8779319,8880472,false,false
2,8670264,8670414,false,false
2,8670414,8783108,false,false
3,9016690,9062858,true,false
0,8880472,8906045,false,false
0,8906045,9005698,false,false
1,8703466,8703616,false,false
3,9062858,9147791,true,false
3,9147791,9278341,true,false
3,9278341,9408891,true,false
3,9408891,9446903,true,false
3,9446903,9486619,true,false
3,9486619,9525773,true,false
3,9525773,9571782,true,false
0,9525773,9567469,false,false
2,9525773,9576697,false,false
1,9525773,9712840,false,false
0,1131900,1134000,false,true
1,1131900,1134000,false,true
0,1134000,1136100,false,true
3,9571782,9612353,true,false
0,9567469,9623073,false,false
2,9576697,9628780,false,false
3,9612353,9612653,false,false
3,9612653,9670966,true,false
0,9623073,9819138,false,false
2,9628780,9800847,false,false
3,9670966,9695039,false,false
3,9695039,9796193,false,false
1,9712840,9712990,false,false
1,1134000,1136100,false,true
0,1136100,1138200,false,true
1,1136100,1138200,false,true
1,9712990,9800360,false,false
3,9796193,9910713,true,false
3,9910713,9911013,false,false
1,9800360,9888804,false,false
1,9888804,9888954,false,false
2,9800847,9884270,false,false
2,9884270,9884420,false,false
0,9819138,9931832,false,false
0,1138200,1140300,false,true
1,1138200,1140300,false,true
2,9884420,9971364,false,false
2,9971364,9971514,false,false
1,9910713,10018317,true,false
1,10018317,10018617,false,false
2,10018317,10116211,true,false
3,9911013,9933586,false,false
3,9933586,10040740,false,false
0,9931832,9931982,false,false
2,10116211,10214105,true,false
0,9931982,10035738,false,false
2,10214105,10308869,true,false
2,10308869,10309169,false,false
3,10308869,10406763,true,false
1,10018617,10182233,false,false
1,10182233,10243356,false,false
3,10406763,10455522,false,false
2,10406763,10584639,true,false
0,10035738,10145432,false,false
3,10455522,10524313,false,false
0,10145432,10242861,false,false
2,10584639,10682008,true,false
2,10682008,10779377,true,false
2,10779377,10876775,true,false
2,10876775,10974323,true,false
0,10242861,10244872,false,false
1,10243356,10282558,false,false
2,10974323,11014039,true,false
2,11014039,11060048,true,false
2,11060048,11084969,true,false
3,11014039,11039174,false,false
1,11014039,11102532,false,false
0,10244872,10251526,false,false
3,11039174,11054688,false,false
0,10251526,10282759,false,false
0,11014039,11187606,false,false
1,11102532,11171840,false,false
3,11054688,11059498,false,false
2,11084969,11090730,true,false
3,11059498,11066152,false,false
0,1140300,1142400,false,true
2,11090730,11131954,true,false
3,11084969,11121939,false,false
2,11131954,11246039,true,false
2,11246039,11246339,false,false
0,11246039,11285910,true,false
3,11121939,11143898,false,false
3,11143898,11144198,false,false
0,11285910,11372913,false,false
2,11285910,11336906,false,false
1,11285910,11487919,false,false
3,11285910,11369333,false,false
0,11372913,11373063,false,false
2,11336906,11426602,true,false
2,11426602,11426752,false,false
3,11369333,11428766,false,false
0,11373063,11431376,false,false
2,11426752,11426956,false,false
2,11426956,11428974,false,false
3,11428766,11492332,false,false
2,11428974,11507253,false,false
2,11507253,11579587,false,false
2,11579587,11651923,false,false
3,11579587,11619868,false,false
0,11431376,11627441,false,false
1,11487919,11493709,false,false
1,11493709,11499499,false,false
1,11499499,11505289,false,false
1,11505289,11551298,false,false
1,11551298,11727862,false,false
3,11619868,11660081,true,false
3,11660081,11700294,true,false
0,11627441,11671253,false,false
2,11651923,11736332,false,false
2,11736332,11736632,false,false
0,11671253,11856820,false,false
1,11727862,11905926,false,false
2,11736632,11751850,false,false
3,11700294,11813084,false,false
2,11751850,11848341,false,false
3,11813084,11902079,false,false
2,11848341,11943773,false,false
2,11943773,11943923,false,false
0,11856820,11952765,true,false
0,11952765,11952915,false,false
3,11902079,11963684,false,false
1,11905926,11982722,false,false
2,11952765,12039461,true,false
2,12039461,12039611,true,false
0,11952915,12124981,false,false
3,11963684,12152248,false,false
2,12039611,12124544,true,false
2,12124544,12222438,true,false
2,12222438,12291982,true,false
2,12291982,12378347,true,false
2,12378347,12433720,true,false
1,11982722,12080466,false,false
1,12080466,12080616,false,false
1,12080616,12086406,false,false
1,12086406,12086556,false,false
1,12086556,12086706,false,false
1,12086706,12086856,false,false
1,12086856,12206332,false,false
1,12291982,12292132,false,false
1,1140300,1142400,false,true
2,12433720,12564270,true,false
0,12124981,12234675,false,false
3,12152248,12158902,false,false
2,12564270,12622583,true,false
2,12622583,12667426,true,false
3,12222438,12323811,false,false
0,12234675,12406739,false,false
2,12667426,12707997,true,false
1,12292132,12350752,false,false
3,12323811,12522945,false,false
1,12350752,12384677,false,false
1,12384677,12418630,false,false
2,12707997,12768864,false,false
0,12406739,12575961,false,false
2,12768864,12900663,false,false
0,12707997,12842727,true,false
0,12842727,12888088,true,false
0,12888088,12920477,false,false
1,12418630,12500710,false,false
3,12888088,12913009,false,false
1,12888088,12982855,false,false
2,12900663,13077229,false,false
3,12913009,12955206,false,false
0,12920477,12961701,false,false
3,12955206,12977003,false,false
3,12977003,12995602,false,false
3,12995602,13014201,false,false
3,13014201,13089623,false,false
0,12961701,13141263,true,false
1,12982855,12983005,false,false
0,13141263,13239327,true,false
1,12983005,12985015,false,false
1,12985015,12991669,false,false
1,12991669,13010330,false,false
0,13239327,13337089,false,false
3,13239327,13433893,true,false
1,13010330,13024242,false,false
1,13024242,13024692,false,false
2,13239327,13243717,false,false

