slot,total_cus,max_dist_cus,longest_path_cus,track0_cus,track1_cus,track2_cus,track3_cus,empty_cus
350479512,44842444,11122761,6972270,10906594,10844119,10845782,11122761,2171400,1048212
350479513,44978579,18215704,16340073,18104497,18109409,18215704,18107780,403200,27962011
350479514,43189481,13728801,12060045,13669741,13578012,13728801,13566691,2251200,13604964
350479515,43058174,19487405,17276413,19427318,19487405,19006121,19098649,3026100,36987419
350479518,40006362,12570264,9773486,11663907,12176958,12513449,12570264,2165100,11083316
350479520,45014969,11343796,6682127,11056959,11343796,11173385,11176437,2049600,1785208
350479521,45668320,12764504,7539251,12709342,12764504,12720411,12706639,2286900,7519476
350479522,43121898,16285543,14259447,16090778,16285543,16043474,16170952,2158800,23627649
350479523,43107932,16400785,14934223,15998657,16336473,15920948,16400785,2137800,23686731
350479524,43991876,14699945,12979247,14543963,14699945,14531648,14328443,2202900,16315023
350479525,43590540,19512633,18370246,19512633,19349127,19345827,19399631,2169300,36185978
350479526,43462494,21577499,20619534,21577499,21480538,21486614,21539794,2163000,44784951
350479528,44084412,18372729,17202643,18218398,18097238,18127883,18372729,2165100,30896936
350479529,46327334,12130140,6431556,11948033,12130140,11835021,11800465,1843800,3230125
350479530,44046788,13815273,10719172,13815273,13640020,13701015,13712912,2492700,13315132
350479531,40502881,16433708,13143744,16049567,16433708,16329158,16134297,2154600,26598449
350479533,41861173,21575845,20906002,21575845,21210075,21453253,21451168,2167200,45996368
350479534,40965908,22396490,21180270,22396490,21974439,21958554,22026185,2158800,49548560
350479536,45952483,12954674,8133030,12452961,12499136,12954674,12783496,2186100,6923884
350479537,45857918,14374502,11921648,14327541,14180562,14374502,14219108,2135700,13379495
350479538,46021932,14137387,12165907,14084176,14098704,13982658,14137387,2194500,12475493
350479539,46008418,14780646,12011077,14568425,14780646,14547309,14513577,2074800,14476339
350479540,42854277,20555824,20037167,20185607,20466844,20127624,20555824,2263800,40745422
350479541,44166127,17264314,16241037,17264314,17096977,16983624,16976523,2171400,26326711
350479542,45909369,13813912,11146303,13731884,13798245,12186339,13813912,2089500,9710511
350479543,45992739,12575268,9106399,12092382,12575268,12400530,12374304,2253300,5703045
350479548,40438619,12316956,10112522,12316956,11969435,11958294,12314320,2207100,10327486
350479549,41184507,15507413,14810638,15413963,15383508,15386211,15507413,2167200,22673788
350479552,45819088,17155039,12079523,17155039,16769554,16859058,16746810,2167200,23878573
350479553,46040883,16697291,11324396,16697291,16555260,16580085,16605489,2163000,22560242
350479554,43357299,19122908,18383860,19122908,18045807,18992337,19021308,2169300,33994361
350479555,43292051,20623799,19540852,20161987,20217483,20623799,20241533,2160900,40113651
350479556,46242847,13381447,10732215,13222821,13381447,13199871,13289531,2169300,9020123
350479557,45574706,11658032,6394658,11573040,11590785,11658032,11576220,2167200,2990571
350479558,45409388,11493321,9432020,11491377,11475566,11493321,11469512,2066400,2586788
350479559,45545358,11702680,7304339,11702680,11660020,11663259,11644348,1900500,3025449
350479561,45021726,16035911,13298885,16035911,15913818,15953797,15973955,2156700,21012455
350479562,44201691,19228323,16841230,19132384,19122476,19150761,19228323,2177700,34609953
350479563,43329997,25075008,24525983,25000753,25032310,25010435,25075008,2156700,58945209
350479564,44852265,12118043,7860530,12072896,12051229,12050895,12118043,2177700,5618498
350479565,40823980,16604301,14868559,16045142,16604301,16496787,16496637,2165100,26983987
350479568,44126728,14343302,12670404,13950784,14343302,13959909,13955142,2074800,14157209
350479569,45548652,15919175,12321794,15919175,14303702,15889965,15908000,2261700,18733890
350479570,43575113,23710203,22815474,23576895,23710203,23582873,23615019,2167200,53077077
350479571,43981919,16594011,15088119,16374032,16353367,16208649,16594011,2163000,23711140
350479572,43723961,13926311,10491143,13926311,13855539,13885477,13817102,2167200,13927668
350479573,45094945,12906959,9729637,12745623,12776540,12762829,12906959,2169300,8266306
350479574,43421930,16274263,14494082,16254975,16264949,16245297,16274263,2169300,23786854
350479576,43507786,17606480,14735802,17606480,17552129,17157458,17475534,2171400,28455215
350479588,44948010,12054961,7066146,12054961,11157927,11954687,11459457,2181900,3860922
350479589,44500642,15697004,11778721,9921471,15613368,14646645,15697004,2163000,13540846
350479591,43156764,16697190,13951732,15541321,16697190,16363184,14350524,2169300,21964755
350479597,45738147,14006533,8952936,13617919,14006533,13595598,13701005,2167200,11350108
350479598,44779807,15444037,13471711,15282859,15252256,15001993,15444037,2160900,18362238
350479600,44694724,14681669,12944857,14646350,14657344,14640235,14681669,2171400,16102274
350479609,41292444,11647321,6123920,10105347,11647321,10137374,9942562,2163000,2703160
350479610,42721682,11441659,10619383,11182549,11212262,11441659,11321851,2087400,4524039
350479611,43332979,11595896,10848906,10699624,11595896,10661526,10739120,2091600,2454787
350479613,46628245,19268217,14323429,18936712,18985593,18938262,19268217,2156700,31657239
350479614,45795868,22578650,20015369,22428908,22578650,22443121,22540811,2165100,46360722
350479615,44965033,24721192,23703706,24326635,24495666,24721192,24380222,2152500,55111182
350479617,46000601,14540114,10136917,14131055,14115813,14540114,14125514,2167200,13079095
350479618,45556061,22325005,21132958,22325005,22092168,22116068,22152654,2179800,45309634
350479619,44927959,21414801,20134075,21169792,21367047,21414801,21239124,2165100,42427905
350479620,45831197,12474481,7389003,12474481,11750834,12353146,12204169,2175600,5127033
350479621,45868660,13671976,12500091,13000470,13671976,12975986,12929243,2173500,8882515
350479622,44524788,20030413,18992707,20030413,19954827,19970095,20025918,2167200,37623665
350479623,43223830,18454015,17954057,18216576,18454015,18215471,18300399,2160900,32123531
350479624,46149879,11245686,5197655,11144990,11176321,11230921,11245686,1675800,323839
350479625,45639565,11356985,6792140,11159617,11203895,11356985,11135172,2433900,1650004
350479626,44078588,10932084,7313876,10877124,10842797,10808076,10932084,2358300,1739793
350479627,44710796,11804518,8290187,11729635,11793945,11804518,11731918,2022300,4371520
350479628,44423222,14570785,10532785,14570785,14405165,14412565,14385494,2345700,15696487
350479629,44388561,15834335,12792639,15630321,15738790,15783227,15834335,2167200,20765312
350479630,43964570,18645153,14959594,18242904,18230312,18245890,18645153,2160900,31560589
350479633,44174040,17055748,15148255,17055748,16545820,16633214,16543482,2169300,24773524
350479636,45768633,11148510,5125361,11102853,11148510,11056143,11038140,2192400,769413
350479637,44281306,13405347,11130825,13405347,12968101,12815727,12871082,2167200,9946151
350479638,43888959,16820448,13558145,16741914,16805132,16820448,16800223,2167200,25445958
350479639,41450803,12988528,9943077,12988528,12760340,12877179,12877511,2163000,12215755
350479641,46070187,12309118,7538918,12016437,12151874,12207178,12309118,2167200,4781620
350479642,43936905,17109520,15029622,16851017,16829081,17109520,16961541,2167200,25981454
350479648,45284110,12454624,7738688,12226999,12216817,12454624,12348010,2171400,6133740
350479649,45932664,16618755,13414680,16451524,16615401,16618755,16087468,705600,20546084
350479650,40157406,16194464,14215243,16069802,16176460,16036934,16194464,3578400,27898654
350479652,44447161,13516939,9765835,13516939,13296701,13329055,13344950,2362500,11402984
350479656,45702564,14226478,12506980,14226478,14201162,14209168,14214874,2347800,13496918
350479657,45971238,12700840,10782621,12671137,12700840,12671849,12623387,2167200,6863175
350479659,45655529,15519540,12854542,15416529,15347523,15418559,15519540,2165100,18211722
350479660,46308489,11187433,4427720,11113833,11112866,11102267,11187433,2169300,377210
350479661,45494144,11251411,7972107,11212773,11251411,11213199,11236000,1407000,826239
350479662,44363234,10933528,6913191,10933528,10774286,10775300,10826576,1310400,256856
350479663,44348036,12896476,7920845,12607248,12896476,12614578,12687557,2652300,9110123
350479664,45143169,12079252,9774138,11664840,12079252,11962407,11705031,3168900,5437261
350479665,43968186,20819093,18500094,20627312,20819093,20531257,20755567,1549800,40314843
350479666,42943545,23708302,21909629,23573568,23653874,23708302,23592133,2742600,54326932
350479667,42966921,17064615,15040848,16872203,17064615,16969167,16899294,1948800,26787158
350479668,45008759,13241344,11881307,13023241,13089207,13241344,13034174,2356200,9735407
350479669,44812003,15931248,13435057,15376406,15931248,15398999,15379572,2165100,19439322
350479670,45476058,13370592,10063898,13370592,13310888,13304186,13364015,2167200,10040823
350479680,45236051,14030460,10295733,13942788,14030460,13828689,13254721,2175600,11996207
350479684,41796935,14803295,12366347,13973364,14025630,14803295,13620745,2303700,16929799
350479688,44728937,14943270,11500916,14773691,14852666,14943270,14608132,2175600,16624422
350479694,41897594,22392179,22168859,22069812,22046599,22392179,22122364,2165100,48898460
350479696,42641487,24726203,23429830,24359210,24726203,24370440,24377293,2169300,57360959
350479697,44377530,24644904,22775657,24562059,24644904,24065106,24552506,2160900,55607945
350479698,43864077,23479169,21799274,23355332,23479169,23392832,23459685,2158800,51981741
350479700,44272543,15010909,13930216,15010909,13748002,14773204,14933528,2177700,16370800
350479701,41662164,21815650,21031894,21651108,21798598,21815650,21494356,2163000,47260548
350479708,42548006,12566636,9812952,12566636,12325685,12230604,12467137,2198700,9240756
350479716,45578873,14502648,11112327,14311270,14485607,14444472,14502648,2181900,14347024
350479717,45746617,16149547,14884294,16149547,15998453,15916042,15972988,2169300,20459713
350479718,45935226,14044773,13293827,14044773,13595974,13924407,13588664,2167200,11385792
350479719,45742915,14939154,13838339,14823498,14809657,14824491,14939154,2167200,15821085
350479720,46249792,11202345,8295066,11016165,11202345,11105622,11082077,2171400,327817
350479721,46933219,12249740,4422414,11520563,11740855,12249740,11447031,827400,852370
350479722,44730004,11217337,7833294,11029897,11128650,11217337,11050263,2305800,2001943
350479723,44330040,10626663,7341443,10498397,10476190,10626663,10543155,2990400,804765
350479724,41460892,14283476,12819338,13039473,12852882,13829987,14283476,2541000,15085926
350479725,42701401,22531867,20876672,22330132,22213584,22531867,22215638,2163000,48752820
350479726,42361095,19443177,18235074,19443177,19411765,19383941,19398788,2150400,37426976
350479727,44233488,17620731,16072575,17591070,17578426,17583937,17620731,2148300,28288976
350479728,44687177,12637889,7684067,12637889,12504195,12601034,12613142,2205000,7874083
350479729,44159734,10905649,7503416,10808785,10897344,10905649,10866460,2110500,1429004
350479730,44476100,13085673,9604200,12767710,12759582,13085673,12868820,2221800,9227485
350479731,43985853,18267036,16147953,18152918,18093908,18087574,18267036,2167200,30782783
350479736,43181226,13313926,11202006,13313926,11797529,12913304,12930367,2173500,9947400
350479748,46185895,11357319,5132403,11334981,11357319,11228325,11333729,1795500,863959
350479749,46900271,11573697,4532491,11573697,11419848,11224958,11490327,2137800,946359
350479750,45294693,12246138,8745106,12010957,12024269,12010508,12246138,2873329,5870508
350479751,45605042,15061916,11017954,15028336,15061916,15053931,15019012,2163000,16721153
350479752,43430775,12308805,9926157,12137297,12136219,12308805,12157185,2921913,8230644
350479753,41819040,18726422,17236228,18696668,18669321,18726422,18664575,2165100,35103046
350479756,44806738,16198000,15334574,16007743,16151745,16025952,16198000,2190703,21767405
350479757,45309573,13624292,9511857,13519120,12885237,13313723,13624292,4217646,12250445
350479758,44939155,14559946,12125304,14480240,14559946,14458161,14459533,2283892,15302617
350479759,45944089,13076852,11503524,13076852,12965706,12953092,12774030,2016000,7841591
350479760,45167018,13690868,10378813,13690868,13652535,13528655,13531894,2209200,11446134
350479761,45161788,15063038,11531778,14905542,15063038,15039748,14674073,2123100,16643713
350479762,45472460,16369651,13903278,15441967,16302973,16369651,15492013,2247000,20381144
350479763,43411721,15894450,12527032,15737038,15780720,15894450,15740541,2238600,21979628
350479764,45074570,16362460,14799891,16362460,16266207,15161171,16064492,2165100,20944860
350479765,45080903,17994589,15894289,17994589,17974569,17952164,17992591,2692267,29525277
350479766,45117025,16542646,14845373,16478941,16542646,16473437,16491514,2238600,23108113
350479767,44320251,19961547,18328062,19830223,19398815,19769855,19961547,2158800,36798989
350479768,44549477,17372723,14601410,17372723,17066386,17130713,17269984,5883003,30173332
350479769,44456842,18850806,17503779,18736040,18835478,18784689,18850806,5143535,35893706
350479770,44241360,19174271,17495223,19017023,19174271,18989591,19122758,2165100,34227383
350479772,45269991,18475740,16134462,18283450,18304960,18179134,18475740,2173500,30146793
350479773,42966538,14051195,12275727,14051195,12874280,12881051,12922305,2163000,11925293
350479776,45126693,16371858,13113487,16000307,16371858,16170751,16151077,2922489,22489789
350479777,44408645,15237751,12938855,15068354,15237751,15179351,15145006,2167200,18389017
350479778,43422700,17590111,16693306,17458455,17590111,17470206,17560999,3630472,30287543
350479779,44028093,19966228,19034414,19716729,19652117,19704558,19966228,2804373,37815912
350479784,45603896,11973394,6100830,11973394,11898203,11899323,11959837,2095800,4222661
350479785,45443246,13100367,8700791,13014388,12450469,13100367,13082707,2244900,8449585
350479786,44703105,14663232,11962200,14663232,14512547,14609229,14226062,2167200,15475165
350479787,41922992,15486944,14072313,15420670,15095809,15486944,15201860,2163000,21445291
350479788,45703996,12226040,9977501,12226040,12003496,12086470,10318917,2171400,3102327
350479789,45542672,17325261,15958304,17178620,17325261,17186653,17134091,2165100,25447053
350479790,44816567,20006508,19070921,19755481,19743464,20006508,19957598,2165100,36811584
350479791,45138891,20764906,19265548,20633259,20636789,20764906,20653815,2169300,39719178
350479792,44780270,18133003,17698299,18059485,18047986,18012719,18133003,2146200,29619123
350479793,45231625,15768827,14871669,15768827,15207132,15449361,15704978,2066400,18965073
350479794,45490311,15719097,12895650,15640585,15182669,14554525,15719097,2284800,17891365
350479795,45226520,13779204,11096505,13779204,13048305,12991795,13020932,2142000,9755716
350479796,44926702,17331117,15102841,17329990,17160801,17163917,17331117,2190300,26249423
350479797,44150048,23046633,20663778,22884446,22852157,22849433,23046633,2165100,49647721
350479798,44826217,20618967,18956838,20618967,20488194,20529753,20283079,2167200,39260976
350479800,45155021,14506099,10899664,14435539,14506099,14435940,14420615,2181900,14825072
350479801,45615637,17262219,13628849,17262219,16782153,16774364,16838545,1125600,23167244
350479802,44322623,16838130,14443362,16838130,16509077,15610784,16406697,3164700,24206765
350479803,44391513,14473858,11900439,14224937,14473858,14238686,14402907,2011800,14960675
350479804,42962818,16304835,12945619,16140477,16103304,16190707,16304835,2356200,24132705
350479808,45284225,13495871,10476727,13445728,13495871,13433166,13482005,2175600,10748145
350479811,40095823,12659751,8849678,12659751,12544447,12531814,12480722,2072700,12193611
350479816,45083654,14344254,11987034,14304014,14344254,14325513,14280061,2139900,14310088
350479817,45150336,17076667,12778031,17076667,16775146,17022551,16783336,2194500,24701864
350479818,44903575,15308177,13242354,15155880,15234349,15308177,15178783,2167200,18140814
350479819,45651089,18967230,16648850,18947731,18920239,18967230,18938383,2167200,32289694
350479825,46166345,14424464,9246103,14410864,14424464,14402691,14412906,401100,11885680
350479826,45689701,17375379,14978383,17334235,17277334,17375379,17299310,1940400,25536957
350479827,45375041,13589253,9873873,13589253,13302294,13402185,12877476,2482200,10278367
350479828,43448234,16617569,14044723,16617569,16480915,16484087,16484832,3511200,26130369
350479832,45415547,13517845,10036918,13357368,13166310,13517845,13465885,2169300,10261161
350479833,45767898,14135025,11021949,14135025,13905153,13787110,13955177,2131500,12146067
350479834,42187255,14130133,11590791,13749107,13762357,14130133,13848259,2156700,15459301
350479836,45972445,12223379,7782440,12223379,12216972,12222594,12217992,2163000,5071492
350479837,45386942,14560568,9885956,14540526,14499408,14560568,14484039,2400300,15097899
350479838,41000798,18282530,16180696,18079515,18025287,18282530,18060675,2160900,33608109
350479844,46291454,13881141,7790876,13881141,12838838,13558146,13542504,2167200,9696375
350479845,45528779,18163009,14164648,18163009,18137801,17791500,17919305,2167200,28650036
350479846,45149298,18644848,16475181,18099281,18282180,18216037,18644848,2165100,30258148
350479847,44969340,21273564,20305494,21151876,21273564,21188515,21188516,2163000,41996131
350479848,46187599,11276886,5780878,10992276,11197723,11276886,11183051,2158800,621137
350479849,46587507,13533380,8952802,13238442,13403357,13533380,13327978,2144100,9059750
350479850,47342086,14726898,10089733,14528258,14726898,14637096,14517688,367500,11435354
350479851,45770644,11581836,10838577,11514681,11581836,11450125,11565646,2242800,2584444
350479852,45220378,10884123,7034469,10884123,10878597,10871186,10866245,3696000,1975773
350479853,45408476,17099868,14991996,15715737,15516696,17099868,15517512,2379300,20820637
350479854,44916836,13004430,12522027,12788941,13004430,12760121,12298232,2167200,8102088
350479855,45688695,20525805,18555486,20460164,20466863,20504719,20525805,2160900,38429756
350479856,44837593,17487306,14887776,17261587,17487306,17421031,17337387,2171400,26841118
350479857,45898727,14597955,11746100,14590322,14597955,14592008,14591636,520800,12993994
350479858,44616575,16210589,12769832,16210589,16052552,16191353,16041946,3368400,23248265
350479859,45328382,17561633,16552568,17456936,17376389,17561633,17408324,2517900,26992800
350479860,45722719,11380848,7743964,10842650,10874355,11380848,10891322,2261700,528156
350479861,46537582,14944529,14092842,14646651,14721334,14944529,14672776,642600,13090308
350479862,45546555,15759854,13471824,15667620,15759854,15696698,15587104,2171400,19336121
350479863,45128087,18585511,15336264,18585511,18337138,18484839,18298690,2240700,30818791
350479864,44108246,11975759,7484601,11491536,11647159,11975759,11577326,3612000,6195534
350479865,43656972,12466401,8213411,12001367,11815334,12466401,12383431,2165100,7174661
350479866,40063550,12967252,9779637,12967252,12667489,12632264,12710393,2169300,13083148
350479867,41989007,13166893,10267271,12263373,12248352,13166893,12252368,2165100,10107079
350479868,45615194,12077931,7394956,12077931,12020356,11989171,12000429,2169300,4641993
350479869,44527146,15441568,14700493,15441568,15402927,15409427,15391681,2163000,19281457
350479870,44863555,18378065,16412070,18081735,18378065,18115776,18206920,2171400,30090341
350479871,40422381,17896921,16934201,17896921,17759687,17842632,17715253,2167200,32959312
350479876,44787915,16403795,13235715,14632432,15678105,14620210,16403795,2167200,18713827
350479877,45177916,25472387,23968598,25303323,25472387,25348145,24625375,2169300,57740614
350479878,45597932,24801426,22975403,24245230,24766065,24801426,24217672,2169300,54601761
350479879,45310131,22874696,20914083,22657285,22874696,22588538,22702452,2165100,47677940
350479880,40174065,16179576,14406049,16179576,16062177,16050934,16094901,2169300,26382823
350479888,46110636,13282996,8127413,13282996,13087762,13052251,13081506,2163000,8556879
350479889,45940037,19004562,15069170,18847765,18830908,19004562,18832243,2165100,31740541
350479890,43710983,16828692,14531511,16828692,16757667,16559586,15930303,2167200,24532465
350479891,43402012,18195671,16908282,18195671,18033919,17914347,17897117,2173500,30812542
350479892,45591466,10871498,7491809,10871498,10835958,10852411,10860199,2171400,0
350479893,45784432,17032965,16865119,16705587,16732458,16994861,17032965,1146600,22828039
350479897,44944380,21720781,20197065,21628089,21720781,18986848,18986987,2169300,38547625
350479898,45038691,16052717,13058977,15739426,15851996,15931851,16052717,2163000,20700299
350479899,42006997,19229288,17419135,19229288,19082132,19020104,19040416,2156700,36521643
350479900,46351437,12377936,7906858,12331602,12377936,12346414,12313656,2181900,5200071
350479901,45600108,12366929,9928298,12284727,12366929,12278201,12269326,1404900,5003975
350479902,44613397,17243663,15090909,17217217,17240207,17243663,17200739,2923200,27211629
350479903,43135939,19656840,17276682,19560345,19542023,19656840,19587656,2163000,37373925
350479904,41206863,12000136,8361085,11544639,12000136,11379986,10803124,2177700,6698722
350479905,45590067,16567682,15932189,16141864,16246207,16567682,16054917,2163000,21583603
350479906,41197740,13388621,11062270,13284035,13199125,13107236,13388621,2167200,13948477
350479907,44794143,16112149,14047108,16112149,16065111,16074725,15975593,2144100,21577535
350479920,44316193,15357809,12730309,15357809,15285791,15283799,15293287,2316300,19220793
350479928,45050508,13226229,10262669,13226229,13113935,13145157,13164671,11923786,19523270
350479932,44374711,18911882,16823052,18732943,18737360,18729273,18911882,2278500,33015247
350479938,40003976,18503482,16720945,17679565,18161025,18503482,17678673,2169300,34188069
350479940,46452120,11563073,7254797,11490547,11484465,11430593,11563073,9100474,8617032
350479941,44674207,13224830,10772783,13224830,13094686,13000290,12997100,2163000,9805699
350479942,44539404,17946405,15541792,17919497,17946405,17882873,17929187,2506654,29645212
350479943,40778223,17841402,15885342,17841402,15674186,17677484,14029361,2163000,26607210
350479948,46084398,12549086,5906063,12124524,12549086,11965311,12304064,2169300,5027887
350479952,45928245,13355465,9744881,13355465,12795030,13195825,12837942,2171400,8427417
350479953,46010195,14585868,11029527,13912110,14585868,13904927,14501157,2095800,12989667
350479954,45291528,15797154,12908078,15792119,15714077,15797154,14206442,2440447,18658711
350479955,45139513,16034122,11681811,14126394,16034122,14107808,15736326,2165100,17030237
350479956,43710521,14281232,11378195,14281232,14059080,13326943,13706736,2110500,13773970
350479957,44387720,15049022,12290631,14993967,15049022,13595722,14623680,1906800,15781471
350479958,44009962,19459860,18935390,18839028,19459860,17654919,19174588,2324700,33443133
350479959,43784523,17091330,15634861,17045083,16990464,17091330,16997837,3394859,27735050
350479960,44947986,14226379,10016130,14186644,14226379,14201908,14170871,2171400,14009216
350479961,43800746,13427706,10883829,13373709,13427706,13280620,13309726,2156700,11747715
350479962,43749172,15952017,12707058,15952017,15857762,15776871,15789826,2175600,21802904
350479963,43550514,17908380,16301026,17908380,17895150,17894563,17889109,2152500,30189188
350479964,45269818,14364999,9546595,14063659,14017471,13991496,14364999,2179800,13347607
350479966,44998418,18278160,16819963,15919815,18278160,16678393,16015306,1245300,23138556
350479967,44612598,14264411,11258588,14264411,14087451,14197530,14036008,1948800,13921602
350479968,45438861,11770398,7138420,11004248,11159381,11770398,10543587,3863976,2902729
350479969,46284929,12167368,7285987,12079734,11526040,12042723,12167368,2398200,3929136
350479970,46248888,13776618,9901823,13689585,13613145,13611882,13776618,2049600,10491942
350479971,45089454,12004746,8376252,12004746,11860920,11545967,11589174,1803900,3715253
350479972,45168575,13872573,9403332,13638869,13593965,13621550,13872573,2685900,12244282
350479973,43861016,15723454,13942533,15676662,15544772,15723454,15534018,2165100,20782990
350479974,44106677,13478147,10393834,13380524,13367239,13478147,13441990,2167200,11728423
350479975,43730086,16532434,14822624,16390078,16399939,16532434,16469867,2167200,24229432
350479976,45682437,12566176,8133654,11895090,12291125,12257068,12566176,2177700,5504722
350479977,45615136,11963574,5751763,11593573,11963574,11852348,11834708,2171400,3800467
350479978,46261923,12055979,6219036,11874874,12055979,11708336,11727321,2171400,3275987
350479979,45911762,11755504,5682857,11680987,11381296,11755504,11642284,2165100,2713409
350479980,44472314,16220579,13671619,15894207,15895162,16220579,16089784,2169300,21796718
350479981,45040580,14777797,12438024,14270922,14777797,14508823,14300300,2118900,14936162
350479982,45970963,12177448,8498078,12177448,12103091,12123101,12089826,2215500,4738003
350479983,45185651,17227560,13725093,17166392,17227560,17141715,17170248,6567283,30087547
350479984,44908484,16737110,13318265,16407665,16737110,16408965,16634187,2194500,23473943
350479985,44168676,14542283,11911039,14542283,14494217,14500641,14412971,2129400,15910836
350479986,44035531,14417746,11024397,14417746,14343198,14345538,14300481,2198700,15570132
350479987,44612487,16777599,14599656,16519482,16777599,16467028,16474211,2154600,23780433
350479988,44400631,17162866,14600689,16861317,17162866,16951207,16883077,2173500,25631336
350479989,44692017,22137072,21066192,21202046,22137072,21238423,21287310,2165100,43337934
350479990,44730206,17773818,16319061,17581508,17477417,17773818,17628162,2160900,27891599
350479991,44000141,20448607,18713502,19734625,20448607,20218089,20261665,2160900,38823745
350479996,42210029,16142869,15007921,15996035,16142869,15983415,16116324,2169300,24197914
350480000,44449585,14078233,11612958,13859170,13957327,14016694,14078233,2175600,13637439
350480001,45315712,15679337,13551074,15601850,15679337,15614037,15590312,2167200,19337024
350480002,41191212,13335426,11019692,13335426,13182968,13239650,12972876,2167200,13706908
350480008,45631491,15405983,12550560,15205175,15214964,15302645,15405983,2171400,17668676
350480019,43325210,12628782,10058040,12628782,12568603,12514100,12496860,2165100,9048235
350480022,41425470,14032830,11936265,13942862,14032830,13955569,14029681,2165100,16700572
350480032,45857675,17760020,13429167,17760020,17564199,17707950,17629537,2186100,26990131
350480033,44487777,17279284,14626764,17233304,17245568,17197356,17279284,2165100,26632835
350480040,46508891,11867315,4003607,11599339,11688317,11867315,11508354,1934100,2088534
350480041,45445965,12968680,11057182,12968680,12115611,12654266,12153040,2058000,6503632
350480042,45290098,16827893,14161803,16827893,16728134,16788296,16786745,2515800,24356770
350480043,44371130,18854375,17424827,18603697,18590284,18854375,18661921,2163000,32502147
350480044,43945897,18413617,17263683,18413617,17719585,17616394,17613362,2169300,29586361
350480045,44971347,20803473,19694579,20716011,20803473,20687679,20717086,2158800,40111702
350480046,44864563,21057549,18807540,20956804,20956204,21057549,20963294,2167200,41236488
350480047,45836058,24169395,22694074,24169395,23932838,23920862,23892567,2095800,52175404
350480048,46093758,11668831,8173097,11529345,11538848,11530032,11668831,1856400,2029698
350480049,46271694,11769935,5656274,11705466,11769935,11442835,11434209,2385600,2466351
350480050,44799792,16525840,13627805,16335726,16072806,15524729,16525840,2236500,21895809
350480051,44534656,18861525,16764399,18829035,18826498,18861525,18847388,2270100,33099890
350480052,45131079,20839649,18582842,20751033,20746491,20839649,20666069,2171400,40043563
350480053,45551782,21852248,18908425,21508869,21852248,21512193,21840246,2184000,43345774
350480054,44889608,15525939,13018003,15525939,15490722,15518227,15466522,2158800,19270602
350480055,45536610,14107714,10733966,14107714,13978217,13971313,13970219,2076900,12567753
350480056,46917406,12252062,6948833,11760830,12252062,11542300,10972140,1898400,1508326
350480057,45694175,12617983,9380244,12601617,12480703,12481462,12617983,2438100,6925690
350480058,44066602,16587069,13573069,16526743,16510134,16587069,16553557,4361921,26472822
350480059,44107921,17458890,15681798,17458890,17025437,17269293,17166139,2167200,26979038
350480064,45191763,15600913,11976968,15463465,14992990,14326417,15600913,2186100,17378122
350480072,42551423,14316924,11050442,14316924,14166468,14184629,14196771,2167200,16480569
350480075,41571945,14861280,10266372,14861280,13774240,14210527,13830520,6275149,21379771
350480076,45577799,12022494,7506170,11619115,11642396,12022494,11955937,2205000,3867143
350480077,45247375,13039333,9311668,13039333,12096693,12911331,12873796,2163000,7836778
350480078,44788321,12197825,8603260,12197825,10914574,12003938,10359001,2165100,2852117
350480084,41373819,13637267,9633831,13597480,13491700,13449124,13637267,2169300,14971052
350480088,43598229,11999392,6978829,10471929,11534321,11999392,9899744,2173500,2480657
350480092,45462958,13559106,11181362,13559106,13531257,13398515,13441919,2169300,10637139
350480095,46861662,14052753,12060387,13992547,14052753,14051387,14023970,371700,9630695
350480096,44741541,11437652,11437652,11437652,11361233,11299067,11359366,4342841,5058618
350480097,45751466,11934465,9486571,11748298,11934465,11476206,11555306,2230200,3193009
350480098,45708323,18061920,14532735,18061920,17889463,17890594,17885697,2247000,28266351
350480099,44588206,17096140,14614728,17002921,17014289,17096140,16850691,2154600,25530435
350480100,44402997,17648748,14995996,17576971,17648748,16749425,16729934,2167200,26469281
350480101,43907138,19112345,18428066,19112345,19036628,18783782,18986086,2163000,34174703
350480102,40455672,15247318,13518521,14530028,15055603,15059676,15247318,2163000,21599953
350480104,40178538,15091909,12830550,15091909,14806097,14955946,14843312,2184000,21702726
350480105,41929515,13559343,11812511,13449352,13559343,13362141,13302806,2160900,13905027
350480109,45318405,11562941,5896232,10967917,10896824,11562941,11073829,2163000,1346106
350480110,45263493,13198690,9881217,11933033,13198690,12405077,11488984,2160900,5923191
350480112,43027840,22282529,19984648,22104046,22188013,22282529,22129515,2173500,47849763
350480116,44814168,15861671,13410704,15665604,15539536,15385658,15861671,2169300,19807601
350480120,45328928,14465229,9154709,14374609,14301702,14465229,14229018,2179800,14221430
350480124,44290839,17345347,14012603,17345347,17254418,17220279,17242205,2337300,27108710
350480125,44754656,19383687,16913562,16932400,19310621,19383687,19265992,2160900,32298944
350480126,44904689,18688642,15009774,18068693,18688642,18093050,17969381,4035707,31950784
350480127,44737096,15318920,13021534,15303922,15157027,15318920,14691607,2163000,17897380
350480128,43946230,18511001,16305503,18511001,17941732,18276772,18409536,2165100,31357911
350480132,44599883,14071059,10667579,14071059,13930181,13987654,13914509,2158800,13462320
350480133,44515313,16576799,14654873,16504323,16487036,16516125,16576799,2148300,23717270
350480140,45778568,11959950,10665957,11959950,11794034,11729627,11751045,2076900,3532988
350480141,45115294,14342114,12981047,14267018,14268764,14242118,14342114,2282700,14287420
350480142,45013920,14893160,11524420,14885410,14172121,14893160,14873076,2160900,15970747
350480144,46267093,11646142,7864566,11575247,11646142,11571901,11597425,3787373,3910995
350480145,45864751,14390781,11762050,14314394,14390781,14345488,14362592,2116800,13665304
350480146,43840627,13354144,10984326,13069610,13247856,13354144,13038967,2223900,11093850
350480147,44137771,14523888,11859592,14470010,14523888,14514433,14453572,2165100,15989232
350480148,44501806,13426954,9692262,13416458,13301254,13274306,13426954,2184000,11101166
350480149,43509673,24319814,23843773,23360773,23224249,24319814,23224401,2177700,52797264
350480150,42862196,26303890,26033847,25410409,25460096,25466686,26303890,2167200,61946085
350480151,43549335,21412837,20855137,21287390,21291127,17988306,21412837,2167200,40597525
350480152,45348409,15242653,12873818,14861614,15242653,14846935,14755827,2154600,16513220
350480153,46187023,15315284,10494134,15315284,14999720,14876017,14903709,2177700,16085407
350480154,45263412,16281219,12259095,16281219,16165235,16108863,16156713,1915200,21363818
350480155,45587541,12159143,6433264,11888155,12159143,11835433,11893896,2412900,4601986
350480156,44821574,12015007,9290389,11732622,12015007,11701271,11920353,2127300,4674979
350480157,43904984,16414163,14088837,16053254,15942591,16306304,16414163,2205000,23016328
350480158,44132786,21928764,19018157,21928764,21788446,21835508,21789965,2158800,45368697
350480159,43365250,17152396,14064547,16805382,16951538,16995235,17152396,2163000,26702301
350480164,44298704,16032749,13385287,15398196,16032749,15434328,15119110,2284800,19970479
350480165,44136161,20320756,19783242,19697023,20320756,20250622,19680630,2171400,37984270
350480166,45312815,19278141,18533161,19278141,18032869,18376593,18454249,2169300,30998337
350480168,45271616,14652781,10707508,14513182,14563391,14481365,14652781,2179800,15118903
350480169,44986178,18410631,15897213,18410631,18200359,18347202,17887752,2167200,30026966
350480170,45302069,14855132,11040813,14442301,14495091,14775743,14855132,2167200,15433398
350480171,41709389,15989351,14209885,15929606,15966779,15989351,15961001,2167200,24304548
350480172,45308886,14993201,12251137,14785994,14818921,14993201,14794200,2160900,16244330
350480173,42394125,15070606,12306296,15002322,14905250,15070606,14894660,2167200,19645913
350480180,43280394,15090147,13076782,15090147,14939714,14982664,15065708,2167200,18965039
350480184,42379701,13485826,11405166,13485826,13071339,13003104,13069836,2171400,12421804
350480188,44523583,19733126,18585551,19618141,19543226,19733126,19623451,2177700,36172061
350480196,44814038,14293021,10119477,14247112,14245203,14243506,14293021,2523160,14737964
350480197,46577622,12252692,5128988,11951164,12252692,11952204,12244265,2163000,3985703
350480198,44888724,16123745,12981631,16011983,16123745,15978673,15918090,2163000,21306767
350480199,44605934,15621677,13300694,15621677,15589905,15515573,15565112,2165100,19851433
350480200,44488979,16658094,15434774,16562807,16539576,16634140,16658094,2165100,24070738
350480201,44186124,16137417,13656209,16054093,16117444,16137417,16042627,2163000,22328457
350480202,44317594,21960919,19745720,20022233,21960919,20014818,20047218,2169300,39896894
350480204,44991916,14818512,11037112,13677180,14818512,14717741,14644962,2175600,15042079
350480205,44909918,16898412,14576271,16898412,16391744,16225174,16208182,2163000,22976594
350480206,44628592,20255309,18731186,20104842,20091135,20255309,20053827,2163000,38039521
350480207,45379835,19725984,17794949,19623944,19725984,19719901,19613241,2131500,35434735
350480208,44891651,16626121,13531392,16626121,16512754,16509961,16444244,2205000,23406429
350480212,44980747,18097779,16911658,17970670,17914712,18097779,17992066,2352000,29346480
350480213,46108336,14890448,12406897,14890448,14778318,14771263,14754727,2169300,15255720
350480214,46414816,14069061,12757791,14035597,14069061,14057288,14043694,2139900,11930724
350480215,46206114,14853377,14027126,14072580,14853377,14390403,14370399,2188200,13668845
350480216,46161620,11761287,8846350,11375017,11606872,11761287,11679155,2775088,3035799
350480217,45804249,13272957,10189199,13272957,13093474,13168537,13007226,2211300,8949245
350480219,46356725,14206112,9663255,14206112,13826814,13930456,13915210,2131500,11653367
350480220,45545183,12488701,11087132,12488701,12461234,12458198,12385450,1871100,6119500
350480221,45900434,19037230,16154241,18910378,18941404,19037230,18919190,2492700,32400468
350480222,45695122,12546839,10247170,12481605,12459573,12459980,12546839,2160900,6413775
350480223,45800441,20017612,17973371,19101591,20017612,19954016,19981918,2112600,35367296
350480224,41435177,14617131,11184036,14617131,14433825,12012716,14263635,2221800,16113930
350480225,44679288,16618112,15035233,16618112,15522645,15511650,16464049,2163000,21600168
350480227,45068464,15633645,12261976,15633645,15526512,14600227,15532967,2154600,18379487
350480228,45047245,29346322,28947891,29346322,29178630,28980516,29084432,2177700,73720355
350480229,44755200,20707840,20184408,20707840,20510253,20511834,20552821,2163000,39690548
350480230,45303702,19614307,16909358,19503755,19530851,19614307,19510409,2163000,35018620
350480231,45085045,19947099,18982596,19770383,19596394,19947099,19630450,2165100,36024381
350480232,45375234,13101906,9625498,12880668,13051452,13101906,12970089,2112600,8741481
350480233,44634446,16430879,14248230,16220509,16272069,16219973,16430879,2217600,22726584
350480234,44886355,15448993,14517650,15293943,15287804,15448993,15382544,2163000,18689929
350480235,45028324,15881861,13448210,15881861,15843080,15878861,15829636,2156700,20561814
350480236,45580973,12879567,9335318,12600469,12646932,12879567,12849870,1988700,7384565
350480237,45470986,15031816,12716099,14889081,15031816,15023032,14942325,2139900,16555168
350480238,45207488,17624503,15296709,17579232,17622685,17538299,17624503,2305800,27463031
350480239,45353480,18536439,15604122,18256249,18536439,17894315,17913995,2173500,29421018
350480240,45315372,15141853,12070697,15067915,15141853,15012049,15103188,2223900,17233533
350480241,45862019,18259422,16260581,18208834,18259422,18201103,18199527,210000,27216867
350480242,44997033,17612853,15631060,17502025,17612853,17458271,17468872,2339400,27384388
350480243,45245567,18854329,16455113,18759181,18854329,18698721,18748149,2184000,31998813
350480244,44646346,10575636,5419314,10494352,10448893,10575636,10527683,3717000,1117218
350480245,45444463,21809796,19465781,21616029,21635380,21809796,21714269,390600,41721611
350480246,44980387,17497651,16111988,17497651,17265081,17485378,17413395,2599800,27280918
350480247,45460306,18207286,16026477,18182923,18186575,18207286,18159731,2692200,29968409
350480248,45212253,11916610,7070360,11900913,11916610,11861280,11860509,2952600,5279659
350480249,44953510,17172844,13629886,16953574,16844859,16863521,17172844,2165100,25046388
350480250,44904747,14146023,11655365,14146023,13952180,13957775,14129867,2165100,13446198
350480251,45515742,13699042,10650782,13521570,13447944,13452276,13699042,2156700,10761790
350480252,45084281,22845098,22177245,22845098,22568892,22675946,22405890,2177700,47589245
350480253,40712991,20024710,18924692,19491773,20024710,19465290,18482050,2163000,38913832
350480254,45196818,22980198,22421433,22980198,22922449,22977571,22881343,2163000,48727743
350480255,44932075,22141340,21429157,22001929,21963247,22032914,22141340,2150400,45357755
350480256,45394436,16773253,13746166,16747952,16773253,16751817,16737091,2177700,23793377
350480257,45095461,18865355,16850404,18538618,17627665,17777613,18865355,2169300,29883090
350480258,45085256,23016258,20727505,23016258,22923860,22975501,21937939,2169300,47937602
350480259,45330206,21554333,18968482,21549572,21420013,21554333,21445293,2160900,42799905
350480260,45786598,13721165,8645732,13619913,13606446,13711219,13721165,2104200,10976345
350480261,44990404,13456286,9529325,13014599,13456286,12958413,13454786,2228100,10121780
350480262,44979924,13641618,9543828,13367222,13515150,13641618,13599406,2163000,11306472
350480263,42683785,13350329,10108451,13350329,13183411,13168723,13157250,2165100,12341028
350480264,45084088,13584518,10210878,13584518,13307881,13329483,13494441,2163000,10795235
350480265,44662392,16920202,14912681,16633842,16636340,16737013,16920202,3571815,25836820
350480266,44728807,17742967,15683946,17573702,17593614,17742967,17668106,2163000,28012582
350480267,45190739,17702650,15395620,17702650,17536455,17701709,17702394,2160900,27613369
350480268,44150892,24067459,22849401,23700723,24067459,23710616,23737051,2165100,53230057
350480269,45062837,22406646,20002391,22109750,22406646,22153442,22383994,2163000,46153995
350480270,44760064,22217974,21809976,21113937,22197733,22087153,22217974,2163000,45019733
350480271,44832793,21512337,20083536,20535068,21512337,20527288,20599935,2144100,40485935
350480272,44986649,18340711,15535305,18192418,18259422,18340711,18174476,2181900,30162278
350480273,45153002,22325025,20524944,22325025,22189221,22304733,22299227,2156700,46121904
350480274,44775225,20251269,18724528,20205650,20217124,20251269,20229884,2163000,38291702
350480275,44395016,20274983,19120923,20222908,20274983,20271654,20133797,2163000,38671326
350480276,45447185,14586284,10333959,14444684,14438890,14586284,14415243,1852200,14290116
350480277,45606037,17912043,15386395,17868876,17847924,17912043,17861731,1556100,27440637
350480278,44926585,18478938,16241963,18478938,18303207,18161277,18280793,3034500,31332130
350480279,43547595,18388786,16879133,18388786,18341342,18376070,18309755,2175600,32043958
350480280,43321618,23303318,22124079,23286934,23303318,23120765,23214061,2196509,51799969
350480281,41080576,18285021,17268060,18285021,18242073,18216829,18224585,2158800,34046732
350480283,43867684,20664304,18901961,20491072,20559617,20664304,20622229,2070600,40540138
350480284,45307849,12639110,7596608,12492017,12529499,12202340,12639110,2263800,6818917
350480285,45338150,14404492,11196609,13158922,13492633,14404492,12652243,2165100,10535240
350480286,45479030,15156113,11872658,15156113,15101141,15071922,14783404,2175600,16809150
350480287,41690500,14582873,11520062,13479834,14582873,14443202,13491080,2150400,16456889
350480288,44806476,23463175,22664782,23232751,23275389,23340090,23463175,2181900,50686829
350480289,44530727,25305981,24280571,24913407,25305981,25249699,25191123,2163000,58292483
350480290,44800678,19001871,17224672,18892820,18848630,19001871,18810336,2163000,32915979
350480291,45333375,21630420,19717691,21347262,21593210,21630420,21580990,2160900,42979407
350480292,45480638,12392051,7121594,12003344,12046512,12004754,12392051,2194500,5160523
350480293,44964833,12115141,7387839,12103374,12115141,11519688,11780843,2171400,4725613
350480294,44757721,12669211,9544993,11708698,12231602,12669211,11973611,2169300,5994701
350480295,45112607,13470944,9665991,13337970,13385299,12644584,13470944,2171400,9897590
350480296,43990518,26513600,26151283,26513600,26347406,26365105,26287608,2165100,63688301
350480297,44790860,23512284,22482368,23512284,23295508,23306564,23356994,2156700,50837190
350480298,44952688,18447520,17130594,17982882,18447520,17948433,18313527,2165100,29904774
350480299,44862887,20117333,18805832,19982092,20100972,20117333,20073293,2160900,37571703
350480300,44684426,15749387,12173591,15700779,15745954,15656776,15749387,2181900,20350370
350480301,45110469,19763339,17880374,19109395,19142921,19142530,19763339,2165100,34212816
350480302,44657886,21396936,20818303,21368228,21021371,21175795,21396936,5129951,45434395
350480304,44993741,18434926,15574302,18434926,17910616,18372252,18009747,2218196,29951996
350480305,41348715,14615734,13580715,14572288,14571214,13997797,14615734,2160900,18569218
350480306,42469011,18278016,16568467,17138528,17115117,18278016,17856411,2171400,30090461
350480307,40644012,17813879,16235052,17811669,17778060,17758129,17813879,2167200,32684925
350480308,44977371,21186173,19519751,21186173,20969270,21116907,21031383,2165100,41491462
350480312,45363388,12069806,6834768,12069806,10845703,11409054,11668533,2175600,2805308
350480313,45510023,12586337,7836001,12586337,12402303,12445591,11652164,2171400,5747772
350480314,45907616,16510551,14262100,15889142,16510551,15753681,15685715,2160900,20092373
350480315,46034644,13205255,9332041,10318567,12549145,13205255,11746497,2171400,3956220
350480316,43358653,16312142,13875367,16312142,16159257,16190045,16152691,2169300,23624782
350480317,43523000,19138022,16703409,19119490,19138022,19104213,19116431,2169300,35124456
350480318,44391258,19896420,18089909,19891670,19896420,19822487,19847390,2165100,37231809
350480319,45281361,17973226,15908694,17967167,17973226,17835273,17833093,1883700,28211098
350480321,40919731,15378736,13802912,13142368,12164802,15378736,14629138,2167200,16562513
350480322,42315653,16008201,14098206,16008201,13889090,13931374,15623361,2171400,19307773
350480323,43780187,18040058,16454740,16281212,16619314,17162774,18040058,2165100,26488271
350480324,45723963,16106100,10813873,16031412,16106100,16066647,16042525,2243707,20766428
350480325,45804112,15619596,10393767,15530733,15590177,15619596,15400450,2160900,18497744
350480326,45429618,16794645,13838686,16193977,16157802,16610140,16794645,2165100,22492046
350480327,45067995,14967199,13890346,14967199,14851173,14842139,14873649,2171400,16637565
350480328,44931222,16004120,12892275,15931619,15996583,13934397,16004120,2167200,19102697
350480329,45051386,19489655,17501761,19274354,19337521,19489655,19333355,2165100,34548599
350480330,44314897,22485039,22175138,22485039,22283896,22268707,21901912,2169300,46793957
350480331,45058620,16124352,12977888,16124352,16048412,16091172,16114061,2163000,21482377
350480332,44900722,21505380,20461175,21360267,21402776,20880762,21505380,2171400,42419863
350480333,45061436,19783739,17299913,19761080,19783739,19780096,19708635,13403872,47375986
350480334,44602553,22795581,21459949,22795581,22529141,21912110,22655350,2171400,47461029
350480335,45304996,20848354,19647190,20267089,20271699,20548765,20848354,2137800,38768711
350480336,45663767,11786678,8124779,11779298,11786678,11753694,11755040,2190300,3601243
350480337,45591803,13047335,10805710,12819251,13047335,12783226,12874661,2169300,8101970
350480338,44739844,17629136,15158196,17620552,17557755,17629136,17606698,2167200,27841497
350480339,44645816,15226611,13069715,15137955,15202799,15226611,15213748,2160900,18296197
350480340,45083209,16674019,15909311,16568918,16581553,16545170,16674019,2173500,23459951
350480341,45094436,16160688,13762170,16058807,16063550,16160688,16104473,2167200,21460282
350480342,44593589,18172053,15839998,18172053,18079332,18083100,18086664,2160900,29988460
350480343,45255104,16843356,15231549,16673429,16660142,16634829,16843356,2171400,23728052
350480344,45723153,11911862,9447190,11775797,11911862,11854914,11873575,3818916,5511911
350480345,45979352,11416078,7429498,11276098,11229738,11286283,11416078,2280600,1509445
350480346,45161456,12336527,9032087,12336527,12276829,12278283,12311587,2167200,6208970
350480347,44958451,17767503,14470669,17628285,17283516,17767503,17725170,2171400,27617423
350480348,45649992,14013264,9109572,13884161,13703935,14013264,13707449,2177700,11836517
350480349,45721966,11538049,5422274,11160398,11538049,11508530,11084650,2171400,1741061
350480350,45505113,12002940,8546546,11414591,12002940,11662333,11647089,2167200,3389040
350480351,45215358,13797987,10937726,13387131,13271669,13797987,13355885,2171400,10768714
350480352,44882834,15140285,14444245,15043683,15116196,15034754,15140285,2169300,17621384
350480353,45088007,15017571,12861659,15017571,14738343,14503785,14968904,1948800,16089396
350480354,44813602,17329228,14537436,17157857,17329228,17104367,17073100,2383500,26234450
350480355,44523526,15687070,14939147,15370457,15552466,15687070,15505434,1890000,19481901
350480356,45482286,12656123,8944284,12616409,12623065,12656123,12640123,2217600,7271034
350480357,45217439,15248725,12267026,14943806,14963621,15248725,15033043,2219700,17191456
350480358,45270395,17047377,14671913,16871465,16412182,16404064,17047377,2217600,23682293
350480359,45389086,16984426,14994906,16318120,16937729,16984426,16975068,2286900,24113157
350480360,44414655,26720545,26114108,25273284,26720545,25738966,21005302,2506648,56830090
350480361,45030225,21430691,19627177,20620683,21304343,21430691,21335219,2169300,41830011
350480362,45561472,26396460,24662515,26396460,25771718,25753699,25848733,2167200,60376338
350480363,45452006,22185817,20265001,21126629,22185817,21897687,21900409,2167200,43825736
350480364,45575487,11369163,8432031,11007852,11295091,11023322,11369163,2146200,1266141
350480365,45352697,15437469,12662077,15437469,15326620,14814992,15315840,1232700,16774924
350480366,46102548,15505455,14345030,12845530,14211217,13001600,15505455,1316700,10777954
350480367,43881073,17018208,15684188,16414618,16887259,15240442,17018208,3299100,24978554
350480368,44706991,14008134,10631140,13721732,13715442,13765522,14008134,2820300,13324139
350480369,45599888,14309664,11354786,13361564,14309664,13395087,13360803,2169300,10996530
350480370,45292732,22581718,22109748,22342628,22573086,22581718,22269738,7123659,51598097
350480371,45754100,19234184,17156507,18674910,19234184,18721797,18702286,2154600,31733677
350480372,45092075,19029068,16129915,17235287,19029068,17235242,17239510,2190300,27837332
350480373,45261146,22173100,21177939,21262448,21253355,21292751,22173100,2156700,42877208
350480374,44603545,18890515,18095767,18890515,18881169,18839668,18839231,2167200,33014238
350480375,44851322,17407956,15815237,17407956,17357257,17371652,17282434,1957200,26525177
350480376,45087348,12633413,9609402,12633413,12493341,12486196,12525504,2322600,7373706
350480377,45834598,15414288,12895017,15254216,15414288,15256633,15267648,2177700,17535887
350480378,44954814,17873871,16742453,17857858,17354903,17873871,17179202,2053800,27364820
350480379,44795399,18388647,16163837,16870683,18129277,16779112,18388647,2089500,27461820
350480380,45441358,11595836,7134817,11483119,11453046,11595836,11460362,2303700,2854705
350480381,45736056,13495397,10093080,13425428,13495397,13490339,13432296,5568546,13675950
350480382,45341184,13122975,11528241,13122975,13049090,13097860,13048829,2173500,9151070
350480383,45058744,14691280,10864132,14554559,14525791,14664115,14691280,2011800,15388801
350480384,44982360,13326870,12250958,13208962,13326870,13253476,12862193,2280600,9949741
350480385,44679184,20166166,18765321,19890869,20166166,19953676,19929445,2165100,37426072
350480386,45197705,18161325,17095285,17959140,18161325,18004242,18095017,3404630,30426649
350480387,44276498,17796516,15202230,17696473,17796516,17779289,17728849,2114700,28839329
350480388,44822034,16560255,13690702,16560255,16123300,16103587,16281003,2219700,22465811
350480389,45118067,16566703,14091342,16531320,16566703,16109535,16023513,2167200,22280204
350480390,44777059,18788554,16655301,18665931,18220710,18788554,18728461,3706859,33333456
350480391,45007414,16133674,13342328,15462833,15826803,15942123,16133674,2165100,20523119
350480392,44877902,16535634,14725747,16440972,16535634,16499646,15846402,2160900,22605652
350480393,44859782,16673158,14613765,16469769,16479040,16673158,16437681,2163000,23362866
350480394,45286409,15207767,12578775,15152102,15129725,15207767,15196575,2167200,17566960
350480395,44840436,16286868,14531261,16185012,16070998,16286868,16148229,2163000,22013671
350480396,45295182,14162704,11037521,14111156,13775939,13823553,14162704,2163000,12741170
350480397,44781747,17403379,15106559,17398078,17314625,17403379,17370707,2167200,26872242
350480398,42623935,16219370,14456326,16219370,16141127,16050855,16089594,2160900,24037911
350480404,44638414,18199988,16284062,18188371,18031884,18199988,17986150,2291100,30059079
350480405,44717806,18180444,16937934,17946564,18180444,18004409,18013630,2129400,29556641
350480406,44585355,16284128,13777664,16165810,15355006,16284128,16240389,2200800,21660778
350480407,44561735,18754868,16972341,18754868,18634017,18603067,18671650,2175600,32277467
350480408,44775467,16304374,13039594,16304374,16051470,16068454,16251812,2179800,22080443
350480412,44495258,14963175,12058227,14748674,14747059,14963175,14900475,2316300,17180425
350480413,45319040,13905226,9618372,13839273,13810178,13857982,13905226,2247000,12340619
350480414,45152544,17032347,14593798,16786900,17032347,16833914,16960416,2169300,24630333
350480415,44627214,21167776,20435615,20499610,20245178,20242678,21167776,2158800,39686828
350480416,45379202,20614254,19412598,20522634,20539378,20614254,19960123,2169300,38426487
350480417,45199041,16420289,14685439,16087634,16329134,16420289,16250084,2171400,22059500
350480418,45205893,15287894,12579643,15058236,15105196,15142188,15287894,2165100,17552721
350480419,45509432,13503401,9110233,13192181,13133681,13358690,13503401,2171400,9849921
350480420,45593268,16999996,12321931,16981627,16939978,16999176,16999996,2169300,24496809
350480421,46051170,15146553,13867375,14933718,14776951,15146553,14936094,2163000,15905146
350480422,46035211,18998332,16677749,18905574,18998332,18810986,18943492,2158800,31781973
350480423,46529502,15654129,11511613,15480131,14670284,15654129,15345968,2158800,16779810
350480424,45816792,12285514,8191565,12147674,12285514,12229916,12140595,2177700,5164607
350480425,46129011,13823946,10659005,13787203,13823946,13772556,13772776,325500,9352970
350480426,43229231,17877057,15769977,17877057,17527116,17735429,17675877,3987900,31574148
350480427,45077592,17170695,15607121,17080824,16401305,17151299,17170695,2028600,24755131
350480428,44765298,17267925,15362019,16734267,17179261,17267925,16688838,2322600,25427593
350480429,44645134,19661264,18627001,19314948,19661264,19330333,19609486,2167200,35438097
350480430,44858619,21875993,20529588,21383465,21405297,21875993,21584932,2167200,43558268
350480431,45161023,20028944,19275201,19849299,19839554,20028944,19745306,2167200,36469280
350480432,44928322,14795788,11965349,14320629,14049448,14304261,14795788,2173500,14715304
350480433,45102533,17124635,14836041,17124635,16991462,17038699,16986504,2167200,25205967
350480434,44826851,23487268,22601159,20461338,20500593,20443291,23487268,2160900,42226539
350480440,45540785,13884650,9818360,13884650,13718570,13690225,13705383,2192400,11650443
350480441,45909860,13639132,8662250,13168511,13405599,13639132,13169062,2167200,9639644
350480442,46121769,12929584,8093447,12637348,12643786,12698893,12929584,2165100,6952942
350480443,45995473,12603560,7910166,12603560,12345978,12162614,12231344,2169300,5517323
350480444,46061960,12225684,6108067,11816458,12112089,12225684,12105503,2169300,4367074
350480445,45127526,12171306,6360292,11998933,12001705,12171306,11841535,2133600,5019553
350480446,45118135,12529857,7165264,12165877,12320743,12279920,12529857,2158800,6337062
350480447,45418927,13029640,7953270,13029640,12076016,12118241,12096340,2108400,6009710
350480448,44915577,11405772,4994547,11405772,10352107,10706295,10889488,2268000,706085
350480451,44355166,15350707,12301597,15093039,13946090,14824555,15350707,2156700,17015925
350480454,40514090,18312784,15956130,17822587,18063049,17900046,18312784,2163000,33747376
350480455,44657466,23015424,20837303,23015424,22487974,22393485,22442838,2163000,47845255
350480456,43522316,28376530,28179508,28333895,28358374,28343944,28376530,2173500,72063927
350480457,45365669,19628690,17661628,19531832,19459028,19628690,18318683,2154600,33727164
350480458,44403278,18433483,16843044,18364767,18433483,18336806,18299679,2163000,31194457
350480459,45406229,19993887,17622844,19721181,19145571,19993887,19652179,2148300,35254889
350480460,45426955,18943776,16710768,17859351,18943776,17497401,18283287,2198700,29355560
350480461,43873490,26516115,26139342,26427977,26351346,26363891,26516115,2177700,63963539
350480462,42907314,25367359,24674817,25093171,25252899,25367359,25171669,2165100,60142884
350480463,44105702,25366714,24541245,19702305,19618222,24279764,25366714,2152500,47013803
350480464,46196640,13031207,8932638,13031207,12436116,12663791,12434635,2173500,6542609
350480465,46283463,12758472,6561831,11598658,11331278,11252919,12758472,2179800,2837664
350480466,45680897,13849246,9882512,13187761,13444284,13849246,13025094,2171400,9996888
350480467,45520000,15701678,12927633,15513835,15476265,15701678,15228878,2165100,18565756
350480468,45197319,27330262,27330262,27330262,27201403,27197311,27227001,2163000,65921658
350480469,43393838,20906237,19992765,20083063,20906237,20177557,20227184,2167200,40167403
350480470,44845246,22348512,21340276,22171942,22348512,22042370,21951500,2158800,45827878
350480471,45172603,24097365,23625090,23996811,23950285,24097365,23945158,2163000,52980016
350480472,45656411,15557333,13162799,15557333,15136611,14971226,15081799,2037000,17127558
350480473,45830529,14660497,13011472,14594037,14660497,14623896,14600008,1965600,14613509
350480474,45330112,18423091,15466857,18333961,18423091,18277804,18287561,2499000,30491305
350480475,45328315,14818462,13765596,14607153,14599619,14599941,14818462,2146200,15443060
350480476,44378572,23402948,22141065,23303985,23402948,23307425,23286061,2188200,51110047
350480477,44164925,24285221,22771861,24068786,24118504,24163921,24285221,2165100,54636607
350480478,43799167,21923208,20875601,21791638,21780698,21545338,21923208,2160900,45402615
350480479,44471208,23723500,21740267,23532210,23723500,23571111,23474891,2154600,51985104
350480483,41023633,18556582,16469058,18336990,18329682,18556582,18381536,2123100,34704257
350480484,43898051,20202913,18901379,20126482,20202913,20039173,20070731,2150400,38691648
350480485,42905162,18331056,16452129,18331056,18237964,17856363,18034403,2202900,31757524
350480486,43565529,21697318,20541873,21498572,21697318,21519583,21524777,2097900,44772621
350480488,44152919,18589193,17585080,18584832,18589193,18584293,18586523,2188200,32380122
350480492,45573369,12742195,9657275,12713966,12485159,12742195,12460882,2377200,7206033
350480493,45759855,15538320,11762262,15254860,15153298,15184128,15538320,2167200,17537951
350480494,45192438,13698217,9678236,12935971,13698217,12839798,13198442,2160900,9640890
350480495,44935471,11458059,5461651,11421319,11458059,11161278,11157786,2173500,2436471
350480496,44794518,19477094,18449116,18331657,19477094,19292399,18298438,2169300,32774370
350480497,44145455,18777121,18553530,18006595,18761600,18777121,18365096,2163000,31927957
350480498,44464131,17493871,15397503,17148435,17493871,17142954,17165654,2169300,26656083
350480499,45290622,14341292,11245882,14040514,14116786,14341292,14060261,2160900,13429131
350480500,44969787,14278301,11684513,14167113,14078271,14143122,14278301,2171400,13868420
350480501,44611329,18697625,16272626,18697625,18600250,18691846,18587342,2167200,32132934
350480502,44573433,18968007,17097601,18729623,18934463,18485809,18968007,2163000,32707469
350480503,40561001,19323669,18576573,19045329,19009357,19323669,19105880,2163000,38086234
350480504,45011934,17168447,15811256,17084973,17072414,17119611,17168447,2180236,25613747
350480507,40828999,16277528,15582077,14248202,15926713,16277528,14287503,2135700,22046647
350480508,45146885,17300901,16741699,17300901,17269046,16876707,16867120,2184000,25350889
350480509,46634141,18836600,15779643,18722390,18671199,18836600,18770142,714000,29080190
350480510,44642605,24401609,23740148,22814363,22829664,22645541,24401609,2631300,50679872
350480511,44950092,20976701,19545178,19694626,20976701,20482758,20533788,2431800,39169581
350480512,44123648,14434557,13121378,14077101,14143101,14434557,14153635,2700600,15385346
